alertId,type,tA,tB,tC,latencyMap_ms,latencyAudio_ms,totalLatency_ms
demo-1781204482608-1000,Mira,215055.800,215055.800,215056.000,0.000,0.200,0.200
demo-1781204482409-999,LPV,214857.000,214857.000,214857.300,0.000,0.300,0.300
demo-1781204482218-998,RR Lyrae,214666.100,214666.100,214666.300,0.000,0.200,0.200
demo-1781204482025-997,RR Lyrae,214473.300,214473.400,214473.600,0.100,0.200,0.300
demo-1781204481824-996,RR Lyrae,214272.500,214272.600,214272.700,0.100,0.100,0.200
demo-1781204481609-995,LPV,214056.800,214056.800,214057.100,0.000,0.300,0.300
demo-1781204481424-994,Cepheid,213872.500,213872.500,213872.900,0.000,0.400,0.400
demo-1781204481219-993,AGN,213667.000,213667.000,213667.100,0.000,0.100,0.100
demo-1781204481025-992,RR Lyrae,213473.200,213473.300,213473.600,0.100,0.300,0.400
demo-1781204480824-991,AGN,213271.500,213271.600,213271.700,0.100,0.100,0.200
demo-1781204480624-990,LPV,213072.500,213072.500,213072.800,0.000,0.300,0.300
demo-1781204480425-989,RR Lyrae,212873.400,212873.400,212873.700,0.000,0.300,0.300
demo-1781204480219-988,LPV,212667.400,212667.400,212667.600,0.000,0.200,0.200
demo-1781204480008-987,SN II,212456.100,212456.100,212456.300,0.000,0.200,0.200
demo-1781204479818-986,QSO,212266.400,212266.500,212266.700,0.100,0.200,0.300
demo-1781204479609-985,RR Lyrae,212057.000,212057.000,212057.400,0.000,0.400,0.400
demo-1781204479426-984,QSO,211873.700,211873.700,211874.100,0.000,0.400,0.400
demo-1781204479221-983,AGN,211669.400,211669.500,211669.600,0.100,0.100,0.200
demo-1781204479008-982,RR Lyrae,211455.900,211455.900,211456.100,0.000,0.200,0.200
demo-1781204478818-981,AGN,211265.900,211265.900,211266.100,0.000,0.200,0.200
demo-1781204478609-980,AGN,211057.400,211057.400,211057.700,0.000,0.300,0.300
demo-1781204478426-979,Mira,210874.100,210874.100,210874.500,0.000,0.400,0.400
demo-1781204478225-978,RR Lyrae,210672.600,210672.600,210672.800,0.000,0.200,0.200
demo-1781204478008-977,LPV,210456.200,210456.200,210456.400,0.000,0.200,0.200
demo-1781204477818-976,Mira,210266.200,210266.200,210266.300,0.000,0.100,0.100
demo-1781204477609-975,RR Lyrae,210056.800,210057.000,210057.300,0.200,0.300,0.500
demo-1781204477426-974,RR Lyrae,209874.000,209874.100,209874.500,0.100,0.400,0.500
demo-1781204477220-973,RR Lyrae,209668.000,209668.000,209668.200,0.000,0.200,0.200
demo-1781204477008-972,RR Lyrae,209456.400,209456.400,209456.700,0.000,0.300,0.300
demo-1781204476825-971,SN Ia,209272.700,209272.800,209272.900,0.100,0.100,0.200
demo-1781204476609-970,AGN,209056.800,209056.800,209057.100,0.000,0.300,0.300
demo-1781204476425-969,Mira,208872.600,208872.600,208873.000,0.000,0.400,0.400
demo-1781204476225-968,RR Lyrae,208672.800,208672.900,208673.000,0.100,0.100,0.200
demo-1781204476008-967,SN II,208456.000,208456.200,208456.400,0.200,0.200,0.400
demo-1781204475819-966,RR Lyrae,208266.700,208266.700,208266.800,0.000,0.100,0.100
demo-1781204475609-965,SN Ia,208056.600,208056.700,208056.900,0.100,0.200,0.300
demo-1781204475426-964,RR Lyrae,207873.700,207873.800,207874.000,0.100,0.200,0.300
demo-1781204475217-963,Mira,207665.300,207665.300,207665.400,0.000,0.100,0.100
demo-1781204475008-962,Mira,207455.800,207455.900,207456.000,0.100,0.100,0.200
demo-1781204474824-961,AGN,207271.600,207271.600,207271.700,0.000,0.100,0.100
demo-1781204474609-960,RR Lyrae,207056.600,207056.700,207056.900,0.100,0.200,0.300
demo-1781204474409-959,RR Lyrae,206856.900,206856.900,206857.300,0.000,0.400,0.400
demo-1781204474215-958,Mira,206662.800,206662.800,206663.000,0.000,0.200,0.200
demo-1781204474008-957,SN Ia,206456.000,206456.000,206456.300,0.000,0.300,0.300
demo-1781204473826-956,Mira,206273.800,206273.900,206274.000,0.100,0.100,0.200
demo-1781204473625-955,AGN,206073.400,206073.500,206073.800,0.100,0.300,0.400
demo-1781204473409-954,RR Lyrae,205856.600,205856.700,205857.000,0.100,0.300,0.400
demo-1781204473220-953,AGN,205668.200,205668.200,205668.400,0.000,0.200,0.200
demo-1781204473025-952,Mira,205473.200,205473.200,205473.500,0.000,0.300,0.300
demo-1781204472823-951,SN Ia,205271.400,205271.500,205271.600,0.100,0.100,0.200
demo-1781204472624-950,Mira,205072.000,205072.000,205072.400,0.000,0.400,0.400
demo-1781204472408-949,LPV,204856.400,204856.400,204856.700,0.000,0.300,0.300
demo-1781204472218-948,AGN,204666.400,204666.500,204666.700,0.100,0.200,0.300
demo-1781204472008-947,RR Lyrae,204456.000,204456.100,204456.200,0.100,0.100,0.200
demo-1781204471819-946,RR Lyrae,204266.600,204266.600,204266.700,0.000,0.100,0.100
demo-1781204471609-945,RR Lyrae,204056.600,204056.700,204057.100,0.100,0.400,0.500
demo-1781204471408-944,Cepheid,203856.000,203856.000,203856.200,0.000,0.200,0.200
demo-1781204471217-943,Mira,203664.700,203664.700,203664.900,0.000,0.200,0.200
demo-1781204471025-942,RR Lyrae,203473.100,203473.200,203473.500,0.100,0.300,0.400
demo-1781204470825-941,AGN,203272.600,203272.600,203272.800,0.000,0.200,0.200
demo-1781204470609-940,Mira,203056.600,203056.700,203057.000,0.100,0.300,0.400
demo-1781204470409-939,RR Lyrae,202856.900,202856.900,202857.200,0.000,0.300,0.300
demo-1781204470218-938,AGN,202666.500,202666.500,202666.700,0.000,0.200,0.200
demo-1781204470008-937,Unknown,202456.500,202456.500,202456.800,0.000,0.300,0.300
demo-1781204469822-936,QSO,202270.300,202270.300,202270.500,0.000,0.200,0.200
demo-1781204469608-935,AGN,202055.900,202055.900,202056.100,0.000,0.200,0.200
demo-1781204469408-934,RR Lyrae,201855.700,201855.800,201855.900,0.100,0.100,0.200
demo-1781204469223-933,RR Lyrae,201671.400,201671.400,201671.500,0.000,0.100,0.100
demo-1781204469008-932,RR Lyrae,201455.900,201455.900,201456.100,0.000,0.200,0.200
demo-1781204468816-931,SN II,201264.200,201264.200,201264.300,0.000,0.100,0.100
demo-1781204468608-930,RR Lyrae,201055.700,201055.700,201055.900,0.000,0.200,0.200
demo-1781204468409-929,SN Ia,200856.800,200856.900,200857.200,0.100,0.300,0.400
demo-1781204468218-928,Mira,200666.100,200666.100,200666.300,0.000,0.200,0.200
demo-1781204468025-927,RR Lyrae,200473.100,200473.100,200473.400,0.000,0.300,0.300
demo-1781204467818-926,AGN,200266.000,200266.100,200266.300,0.100,0.200,0.300
demo-1781204467608-925,RR Lyrae,200055.900,200056.000,200056.300,0.100,0.300,0.400
demo-1781204467408-924,AGN,199855.600,199855.600,199855.700,0.000,0.100,0.100
demo-1781204467211-923,QSO,199659.400,199659.400,199659.500,0.000,0.100,0.100
demo-1781204467025-922,RR Lyrae,199472.700,199472.700,199472.800,0.000,0.100,0.100
demo-1781204466817-921,AGN,199265.400,199265.500,199265.600,0.100,0.100,0.200
demo-1781204466609-920,Unknown,199056.600,199056.700,199057.000,0.100,0.300,0.400
demo-1781204466426-919,AGN,198874.000,198874.000,198874.400,0.000,0.400,0.400
demo-1781204466225-918,RR Lyrae,198672.700,198672.700,198672.700,0.000,0.000,0.000
demo-1781204466008-917,QSO,198455.900,198455.900,198456.200,0.000,0.300,0.300
demo-1781204465821-916,LPV,198269.000,198269.000,198269.200,0.000,0.200,0.200
demo-1781204465625-915,SN Ia,198073.300,198073.300,198073.600,0.000,0.300,0.300
demo-1781204465426-914,LPV,197873.500,197873.600,197873.900,0.100,0.300,0.400
demo-1781204465219-913,QSO,197666.600,197666.600,197666.800,0.000,0.200,0.200
demo-1781204465008-912,QSO,197455.600,197455.600,197455.800,0.000,0.200,0.200
demo-1781204464819-911,RR Lyrae,197266.600,197266.600,197266.900,0.000,0.300,0.300
demo-1781204464609-910,SN II,197057.200,197057.200,197057.600,0.000,0.400,0.400
demo-1781204464409-909,AGN,196856.600,196856.600,196857.000,0.000,0.400,0.400
demo-1781204464221-908,AGN,196668.800,196668.800,196668.900,0.000,0.100,0.100
demo-1781204464008-907,Unknown,196456.400,196456.500,196456.800,0.100,0.300,0.400
demo-1781204463818-906,Unknown,196266.100,196266.100,196266.300,0.000,0.200,0.200
demo-1781204463626-905,AGN,196074.000,196074.000,196074.400,0.000,0.400,0.400
demo-1781204463409-904,RR Lyrae,195857.200,195857.200,195857.500,0.000,0.300,0.300
demo-1781204463225-903,Cepheid,195672.500,195672.500,195672.700,0.000,0.200,0.200
demo-1781204463008-902,Unknown,195456.400,195456.400,195456.700,0.000,0.300,0.300
demo-1781204462820-901,AGN,195267.600,195267.700,195267.800,0.100,0.100,0.200
demo-1781204462609-900,Mira,195056.700,195056.700,195057.200,0.000,0.500,0.500
demo-1781204462426-899,SN II,194873.900,194874.000,194874.400,0.100,0.400,0.500
demo-1781204462217-898,AGN,194665.200,194665.200,194665.400,0.000,0.200,0.200
demo-1781204462008-897,AGN,194456.000,194456.000,194456.200,0.000,0.200,0.200
demo-1781204461824-896,RR Lyrae,194272.400,194272.500,194272.600,0.100,0.100,0.200
demo-1781204461625-895,RR Lyrae,194072.600,194072.700,194073.000,0.100,0.300,0.400
demo-1781204461409-894,RR Lyrae,193856.800,193856.900,193857.200,0.100,0.300,0.400
demo-1781204461220-893,RR Lyrae,193668.200,193668.200,193668.400,0.000,0.200,0.200
demo-1781204461025-892,Mira,193473.200,193473.200,193473.500,0.000,0.300,0.300
demo-1781204460821-891,AGN,193269.400,193269.500,193269.600,0.100,0.100,0.200
demo-1781204460626-890,LPV,193074.000,193074.000,193074.300,0.000,0.300,0.300
demo-1781204460409-889,AGN,192857.400,192857.400,192857.800,0.000,0.400,0.400
demo-1781204460221-888,Mira,192668.600,192668.600,192668.800,0.000,0.200,0.200
demo-1781204460008-887,AGN,192456.500,192456.500,192456.800,0.000,0.300,0.300
demo-1781204459823-886,LPV,192270.600,192270.600,192270.800,0.000,0.200,0.200
demo-1781204459609-885,Mira,192056.500,192056.600,192057.000,0.100,0.400,0.500
demo-1781204459425-884,AGN,191873.200,191873.300,191873.600,0.100,0.300,0.400
demo-1781204459224-883,RR Lyrae,191672.100,191672.100,191672.200,0.000,0.100,0.100
demo-1781204459008-882,AGN,191455.800,191455.800,191456.000,0.000,0.200,0.200
demo-1781204458819-881,RR Lyrae,191266.600,191266.700,191266.900,0.100,0.200,0.300
demo-1781204458625-880,RR Lyrae,191072.800,191072.800,191073.100,0.000,0.300,0.300
demo-1781204458409-879,RR Lyrae,190856.900,190857.000,190857.300,0.100,0.300,0.400
demo-1781204458225-878,SN II,190672.500,190672.500,190672.600,0.000,0.100,0.100
demo-1781204458008-877,Unknown,190455.800,190455.800,190456.000,0.000,0.200,0.200
demo-1781204457820-876,QSO,190268.000,190268.000,190268.200,0.000,0.200,0.200
demo-1781204457608-875,Mira,190056.200,190056.300,190056.600,0.100,0.300,0.400
demo-1781204457409-874,AGN,189856.700,189856.800,189857.100,0.100,0.300,0.400
demo-1781204457219-873,AGN,189666.800,189666.800,189667.100,0.000,0.300,0.300
demo-1781204457008-872,RR Lyrae,189455.600,189455.600,189455.800,0.000,0.200,0.200
demo-1781204456819-871,Mira,189267.100,189267.100,189267.300,0.000,0.200,0.200
demo-1781204456609-870,QSO,189056.700,189056.700,189057.200,0.000,0.500,0.500
demo-1781204456425-869,SN Ib,188873.300,188873.300,188873.600,0.000,0.300,0.300
demo-1781204456225-868,RR Lyrae,188672.600,188672.700,188672.800,0.100,0.100,0.200
demo-1781204456025-867,AGN,188472.500,188472.500,188472.700,0.000,0.200,0.200
demo-1781204455818-866,Cepheid,188266.200,188266.200,188266.500,0.000,0.300,0.300
demo-1781204455609-865,RR Lyrae,188056.600,188056.800,188057.100,0.200,0.300,0.500
demo-1781204455409-864,Cepheid,187857.000,187857.100,187857.500,0.100,0.400,0.500
demo-1781204455224-863,AGN,187672.400,187672.400,187672.600,0.000,0.200,0.200
demo-1781204455025-862,Unknown,187473.100,187473.100,187473.400,0.000,0.300,0.300
demo-1781204454824-861,LPV,187272.300,187272.300,187272.400,0.000,0.100,0.100
demo-1781204454609-860,SN Ia,187056.700,187056.700,187057.100,0.000,0.400,0.400
demo-1781204454424-859,Mira,186872.200,186872.200,186872.600,0.000,0.400,0.400
demo-1781204454220-858,RR Lyrae,186667.600,186667.700,186667.800,0.100,0.100,0.200
demo-1781204454008-857,Mira,186455.700,186455.700,186455.900,0.000,0.200,0.200
demo-1781204453824-856,AGN,186272.400,186272.400,186272.500,0.000,0.100,0.100
demo-1781204453608-855,Mira,186056.500,186056.500,186056.800,0.000,0.300,0.300
demo-1781204453409-854,AGN,185857.100,185857.100,185857.500,0.000,0.400,0.400
demo-1781204453219-853,Mira,185667.100,185667.200,185667.400,0.100,0.200,0.300
demo-1781204453025-852,AGN,185473.000,185473.200,185473.400,0.200,0.200,0.400
demo-1781204452820-851,RR Lyrae,185267.900,185267.900,185268.100,0.000,0.200,0.200
demo-1781204452608-850,RR Lyrae,185056.500,185056.600,185056.900,0.100,0.300,0.400
demo-1781204452426-849,Unknown,184873.600,184873.600,184873.900,0.000,0.300,0.300
demo-1781204452219-848,Unknown,184667.100,184667.200,184667.300,0.100,0.100,0.200
demo-1781204452008-847,Unknown,184456.400,184456.400,184456.700,0.000,0.300,0.300
demo-1781204451819-846,RR Lyrae,184266.600,184266.600,184266.700,0.000,0.100,0.100
demo-1781204451609-845,SN Ia,184056.800,184056.900,184057.200,0.100,0.300,0.400
demo-1781204451409-844,RR Lyrae,183856.700,183856.800,183857.000,0.100,0.200,0.300
demo-1781204451220-843,RR Lyrae,183667.900,183667.900,183668.100,0.000,0.200,0.200
demo-1781204451008-842,AGN,183455.600,183455.600,183455.800,0.000,0.200,0.200
demo-1781204450819-841,RR Lyrae,183267.100,183267.100,183267.200,0.000,0.100,0.100
demo-1781204450608-840,AGN,183056.400,183056.500,183056.800,0.100,0.300,0.400
demo-1781204450409-839,RR Lyrae,182856.700,182856.700,182857.000,0.000,0.300,0.300
demo-1781204450219-838,Mira,182666.600,182666.700,182666.900,0.100,0.200,0.300
demo-1781204450008-837,LPV,182455.700,182455.800,182456.000,0.100,0.200,0.300
demo-1781204449821-836,RR Lyrae,182268.600,182268.600,182268.800,0.000,0.200,0.200
demo-1781204449609-835,AGN,182057.000,182057.100,182057.500,0.100,0.400,0.500
demo-1781204449409-834,RR Lyrae,181856.900,181856.900,181857.400,0.000,0.500,0.500
demo-1781204449219-833,AGN,181666.600,181666.600,181666.800,0.000,0.200,0.200
demo-1781204449008-832,Unknown,181456.300,181456.300,181456.600,0.000,0.300,0.300
demo-1781204448819-831,AGN,181267.400,181267.400,181267.600,0.000,0.200,0.200
demo-1781204448609-830,RR Lyrae,181057.100,181057.100,181057.600,0.000,0.500,0.500
demo-1781204448409-829,Unknown,180857.100,180857.300,180857.500,0.200,0.200,0.400
demo-1781204448219-828,Cepheid,180667.300,180667.400,180667.500,0.100,0.100,0.200
demo-1781204448008-827,Unknown,180455.700,180455.800,180455.900,0.100,0.100,0.200
demo-1781204447818-826,RR Lyrae,180266.300,180266.300,180266.400,0.000,0.100,0.100
demo-1781204447609-825,RR Lyrae,180056.700,180056.700,180057.200,0.000,0.500,0.500
demo-1781204447409-824,SN II,179856.600,179856.600,179857.000,0.000,0.400,0.400
demo-1781204447224-823,RR Lyrae,179672.300,179672.300,179672.500,0.000,0.200,0.200
demo-1781204447025-822,Mira,179473.000,179473.100,179473.500,0.100,0.400,0.500
demo-1781204446824-821,AGN,179272.300,179272.300,179272.500,0.000,0.200,0.200
demo-1781204446608-820,AGN,179056.400,179056.500,179056.800,0.100,0.300,0.400
demo-1781204446408-819,Mira,178856.300,178856.300,178856.700,0.000,0.400,0.400
demo-1781204446224-818,Unknown,178671.500,178671.500,178671.600,0.000,0.100,0.100
demo-1781204446008-817,RR Lyrae,178455.800,178455.900,178456.000,0.100,0.100,0.200
demo-1781204445815-816,RR Lyrae,178262.700,178262.700,178262.800,0.000,0.100,0.100
demo-1781204445625-815,QSO,178073.100,178073.200,178073.600,0.100,0.400,0.500
demo-1781204445409-814,Cepheid,177856.600,177856.700,177857.000,0.100,0.300,0.400
demo-1781204445220-813,AGN,177667.700,177667.800,177667.900,0.100,0.100,0.200
demo-1781204445008-812,AGN,177456.200,177456.300,177456.500,0.100,0.200,0.300
demo-1781204444820-811,Cepheid,177267.800,177267.800,177268.000,0.000,0.200,0.200
demo-1781204444625-810,AGN,177072.900,177072.900,177073.200,0.000,0.300,0.300
demo-1781204444409-809,LPV,176856.700,176856.800,176857.100,0.100,0.300,0.400
demo-1781204444220-808,RR Lyrae,176668.300,176668.300,176668.400,0.000,0.100,0.100
demo-1781204444008-807,Mira,176455.600,176455.600,176455.800,0.000,0.200,0.200
demo-1781204443824-806,LPV,176272.200,176272.300,176272.400,0.100,0.100,0.200
demo-1781204443609-805,RR Lyrae,176056.700,176056.700,176057.100,0.000,0.400,0.400
demo-1781204443409-804,Mira,175856.600,175856.700,175857.000,0.100,0.300,0.400
demo-1781204443217-803,RR Lyrae,175664.500,175664.600,175664.800,0.100,0.200,0.300
demo-1781204443008-802,Mira,175456.200,175456.300,175456.500,0.100,0.200,0.300
demo-1781204442818-801,SN Ia,175265.700,175265.700,175265.900,0.000,0.200,0.200
demo-1781204442609-800,AGN,175057.000,175057.000,175057.400,0.000,0.400,0.400
demo-1781204442408-799,AGN,174856.400,174856.400,174856.700,0.000,0.300,0.300
demo-1781204442218-798,RR Lyrae,174666.200,174666.200,174666.400,0.000,0.200,0.200
demo-1781204442008-797,AGN,174456.200,174456.200,174456.500,0.000,0.300,0.300
demo-1781204441818-796,RR Lyrae,174266.400,174266.400,174266.700,0.000,0.300,0.300
demo-1781204441609-795,AGN,174057.000,174057.000,174057.300,0.000,0.300,0.300
demo-1781204441409-794,AGN,173857.000,173857.000,173857.400,0.000,0.400,0.400
demo-1781204441224-793,Mira,173672.200,173672.200,173672.400,0.000,0.200,0.200
demo-1781204441008-792,RR Lyrae,173456.100,173456.200,173456.400,0.100,0.200,0.300
demo-1781204440826-791,AGN,173273.800,173273.800,173274.000,0.000,0.200,0.200
demo-1781204440609-790,Mira,173056.600,173056.700,173057.000,0.100,0.300,0.400
demo-1781204440408-789,QSO,172856.400,172856.500,172856.800,0.100,0.300,0.400
demo-1781204440218-788,QSO,172666.300,172666.300,172666.500,0.000,0.200,0.200
demo-1781204440008-787,RR Lyrae,172455.700,172455.800,172455.900,0.100,0.100,0.200
demo-1781204439819-786,LPV,172267.000,172267.000,172267.100,0.000,0.100,0.100
demo-1781204439608-785,Mira,172056.400,172056.400,172056.600,0.000,0.200,0.200
demo-1781204439425-784,RR Lyrae,171873.300,171873.300,171873.700,0.000,0.400,0.400
demo-1781204439218-783,Unknown,171666.400,171666.400,171666.500,0.000,0.100,0.100
demo-1781204439025-782,Cepheid,171473.000,171473.000,171473.300,0.000,0.300,0.300
demo-1781204438817-781,Mira,171265.300,171265.300,171265.400,0.000,0.100,0.100
demo-1781204438609-780,Mira,171056.600,171056.700,171057.000,0.100,0.300,0.400
demo-1781204438409-779,Unknown,170856.700,170856.800,170857.100,0.100,0.300,0.400
demo-1781204438220-778,RR Lyrae,170668.000,170668.000,170668.100,0.000,0.100,0.100
demo-1781204438008-777,Cepheid,170455.800,170455.900,170456.100,0.100,0.200,0.300
demo-1781204437818-776,AGN,170265.800,170265.800,170266.000,0.000,0.200,0.200
demo-1781204437608-775,AGN,170056.400,170056.500,170056.700,0.100,0.200,0.300
demo-1781204437408-774,RR Lyrae,169856.400,169856.400,169856.700,0.000,0.300,0.300
demo-1781204437219-773,RR Lyrae,169667.400,169667.400,169667.600,0.000,0.200,0.200
demo-1781204437025-772,Mira,169473.000,169473.000,169473.300,0.000,0.300,0.300
demo-1781204436817-771,RR Lyrae,169265.300,169265.300,169265.400,0.000,0.100,0.100
demo-1781204436624-770,AGN,169072.100,169072.200,169072.400,0.100,0.200,0.300
demo-1781204436409-769,RR Lyrae,168856.600,168856.600,168857.000,0.000,0.400,0.400
demo-1781204436216-768,QSO,168664.100,168664.100,168664.300,0.000,0.200,0.200
demo-1781204436024-767,Mira,168471.800,168471.900,168472.300,0.100,0.400,0.500
demo-1781204435815-766,RR Lyrae,168262.800,168262.800,168262.900,0.000,0.100,0.100
demo-1781204435608-765,Mira,168056.300,168056.300,168056.600,0.000,0.300,0.300
demo-1781204435407-764,AGN,167855.400,167855.400,167855.500,0.000,0.100,0.100
demo-1781204435211-763,AGN,167659.200,167659.200,167659.200,0.000,0.000,0.000
demo-1781204435008-762,SN Ia,167455.600,167455.600,167455.700,0.000,0.100,0.100
demo-1781204434820-761,RR Lyrae,167267.800,167267.800,167268.000,0.000,0.200,0.200
demo-1781204434609-760,Mira,167056.600,167056.600,167056.900,0.000,0.300,0.300
demo-1781204434408-759,Cepheid,166856.300,166856.300,166856.700,0.000,0.400,0.400
demo-1781204434224-758,RR Lyrae,166672.300,166672.300,166672.500,0.000,0.200,0.200
demo-1781204434008-757,Mira,166455.900,166456.000,166456.300,0.100,0.300,0.400
demo-1781204433818-756,Cepheid,166265.800,166265.800,166266.000,0.000,0.200,0.200
demo-1781204433608-755,Cepheid,166056.400,166056.400,166056.700,0.000,0.300,0.300
demo-1781204433408-754,SN Ia,165856.300,165856.300,165856.600,0.000,0.300,0.300
demo-1781204433216-753,AGN,165663.900,165663.900,165664.100,0.000,0.200,0.200
demo-1781204433007-752,Mira,165455.400,165455.500,165455.600,0.100,0.100,0.200
demo-1781204432815-751,Mira,165262.900,165262.900,165263.000,0.000,0.100,0.100
demo-1781204432608-750,LPV,165056.200,165056.300,165056.600,0.100,0.300,0.400
demo-1781204432409-749,AGN,164856.600,164856.600,164857.000,0.000,0.400,0.400
demo-1781204432218-748,QSO,164666.100,164666.100,164666.300,0.000,0.200,0.200
demo-1781204432008-747,SN Ic,164455.600,164455.600,164455.800,0.000,0.200,0.200
demo-1781204431817-746,Mira,164265.100,164265.100,164265.200,0.000,0.100,0.100
demo-1781204431609-745,RR Lyrae,164056.900,164056.900,164057.300,0.000,0.400,0.400
demo-1781204431408-744,Mira,163856.500,163856.500,163856.900,0.000,0.400,0.400
demo-1781204431218-743,Mira,163666.100,163666.200,163666.400,0.100,0.200,0.300
demo-1781204431025-742,AGN,163473.000,163473.100,163473.400,0.100,0.300,0.400
demo-1781204430819-741,Unknown,163266.800,163266.900,163267.000,0.100,0.100,0.200
demo-1781204430608-740,QSO,163056.300,163056.300,163056.700,0.000,0.400,0.400
demo-1781204430408-739,AGN,162856.500,162856.500,162856.800,0.000,0.300,0.300
demo-1781204430219-738,Cepheid,162667.200,162667.300,162667.400,0.100,0.100,0.200
demo-1781204430008-737,LPV,162455.700,162455.700,162455.800,0.000,0.100,0.100
demo-1781204429817-736,AGN,162265.300,162265.300,162265.500,0.000,0.200,0.200
demo-1781204429608-735,LPV,162056.500,162056.500,162056.900,0.000,0.400,0.400
demo-1781204429426-734,Unknown,161873.700,161873.700,161874.000,0.000,0.300,0.300
demo-1781204429219-733,SN Ia,161667.400,161667.400,161667.600,0.000,0.200,0.200
demo-1781204429025-732,QSO,161473.100,161473.100,161473.500,0.000,0.400,0.400
demo-1781204428818-731,LPV,161266.200,161266.200,161266.400,0.000,0.200,0.200
demo-1781204428608-730,SN Ia,161056.400,161056.500,161056.900,0.100,0.400,0.500
demo-1781204428409-729,SN II,160856.800,160856.900,160857.300,0.100,0.400,0.500
demo-1781204428224-728,RR Lyrae,160672.400,160672.400,160672.600,0.000,0.200,0.200
demo-1781204428008-727,LPV,160455.600,160455.600,160455.800,0.000,0.200,0.200
demo-1781204427818-726,RR Lyrae,160266.200,160266.300,160266.400,0.100,0.100,0.200
demo-1781204427608-725,Mira,160056.500,160056.500,160056.900,0.000,0.400,0.400
demo-1781204427409-724,RR Lyrae,159856.800,159856.800,159857.200,0.000,0.400,0.400
demo-1781204427219-723,RR Lyrae,159667.400,159667.400,159667.600,0.000,0.200,0.200
demo-1781204427025-722,QSO,159472.900,159472.900,159473.200,0.000,0.300,0.300
demo-1781204426825-721,Unknown,159272.700,159272.700,159272.800,0.000,0.100,0.100
demo-1781204426608-720,Mira,159056.300,159056.300,159056.600,0.000,0.300,0.300
demo-1781204426408-719,Mira,158856.200,158856.300,158856.600,0.100,0.300,0.400
demo-1781204426222-718,AGN,158669.600,158669.600,158669.900,0.000,0.300,0.300
demo-1781204426025-717,RR Lyrae,158472.900,158472.900,158473.200,0.000,0.300,0.300
demo-1781204425824-716,QSO,158272.200,158272.200,158272.400,0.000,0.200,0.200
demo-1781204425625-715,Mira,158073.200,158073.200,158073.600,0.000,0.400,0.400
demo-1781204425408-714,RR Lyrae,157856.200,157856.300,157856.500,0.100,0.200,0.300
demo-1781204425219-713,RR Lyrae,157666.600,157666.700,157666.900,0.100,0.200,0.300
demo-1781204425025-712,Cepheid,157472.800,157472.900,157473.100,0.100,0.200,0.300
demo-1781204424827-711,LPV,157275.200,157275.200,157275.400,0.000,0.200,0.200
demo-1781204424608-710,AGN,157056.400,157056.400,157056.800,0.000,0.400,0.400
demo-1781204424408-709,Cepheid,156856.400,156856.400,156856.800,0.000,0.400,0.400
demo-1781204424223-708,RR Lyrae,156671.400,156671.400,156671.600,0.000,0.200,0.200
demo-1781204424008-707,SN II,156455.600,156455.600,156455.900,0.000,0.300,0.300
demo-1781204423821-706,Mira,156269.000,156269.000,156269.100,0.000,0.100,0.100
demo-1781204423625-705,AGN,156073.200,156073.300,156073.500,0.100,0.200,0.300
demo-1781204423409-704,AGN,155856.800,155856.800,155857.200,0.000,0.400,0.400
demo-1781204423217-703,AGN,155665.300,155665.400,155665.500,0.100,0.100,0.200
demo-1781204423007-702,SN Ia,155455.400,155455.400,155455.600,0.000,0.200,0.200
demo-1781204422824-701,AGN,155272.200,155272.200,155272.300,0.000,0.100,0.100
demo-1781204422625-700,AGN,155073.100,155073.200,155073.500,0.100,0.300,0.400
demo-1781204422408-699,Unknown,154856.500,154856.500,154856.900,0.000,0.400,0.400
demo-1781204422218-698,Unknown,154666.300,154666.300,154666.600,0.000,0.300,0.300
demo-1781204422008-697,RR Lyrae,154456.100,154456.100,154456.400,0.000,0.300,0.300
demo-1781204421819-696,Cepheid,154267.400,154267.400,154267.500,0.000,0.100,0.100
demo-1781204421608-695,QSO,154056.400,154056.400,154056.900,0.000,0.500,0.500
demo-1781204421424-694,AGN,153871.800,153871.800,153872.100,0.000,0.300,0.300
demo-1781204421223-693,Mira,153671.100,153671.100,153671.300,0.000,0.200,0.200
demo-1781204421007-692,AGN,153455.400,153455.400,153455.500,0.000,0.100,0.100
demo-1781204420817-691,AGN,153265.400,153265.400,153265.500,0.000,0.100,0.100
demo-1781204420609-690,Mira,153057.000,153057.200,153057.500,0.200,0.300,0.500
demo-1781204420408-689,SN II,152856.200,152856.300,152856.400,0.100,0.100,0.200
demo-1781204420225-688,AGN,152673.000,152673.000,152673.100,0.000,0.100,0.100
demo-1781204420007-687,AGN,152455.400,152455.500,152455.700,0.100,0.200,0.300
demo-1781204419817-686,QSO,152265.000,152265.000,152265.200,0.000,0.200,0.200
demo-1781204419608-685,RR Lyrae,152055.500,152055.600,152055.800,0.100,0.200,0.300
demo-1781204419408-684,LPV,151856.000,151856.100,151856.400,0.100,0.300,0.400
demo-1781204419224-683,Mira,151672.100,151672.100,151672.200,0.000,0.100,0.100
demo-1781204419007-682,Cepheid,151455.500,151455.500,151455.800,0.000,0.300,0.300
demo-1781204418818-681,AGN,151266.000,151266.000,151266.200,0.000,0.200,0.200
demo-1781204418608-680,AGN,151056.100,151056.200,151056.500,0.100,0.300,0.400
demo-1781204418407-679,Mira,150855.400,150855.400,150855.600,0.000,0.200,0.200
demo-1781204418224-678,LPV,150672.100,150672.100,150672.200,0.000,0.100,0.100
demo-1781204418007-677,Cepheid,150455.400,150455.500,150455.600,0.100,0.100,0.200
demo-1781204417815-676,LPV,150263.100,150263.200,150263.300,0.100,0.100,0.200
demo-1781204417608-675,AGN,150056.200,150056.200,150056.500,0.000,0.300,0.300
demo-1781204417409-674,AGN,149856.600,149856.600,149857.000,0.000,0.400,0.400
demo-1781204417214-673,LPV,149662.400,149662.500,149662.800,0.100,0.300,0.400
demo-1781204417008-672,AGN,149455.800,149455.900,149456.200,0.100,0.300,0.400
demo-1781204416819-671,QSO,149267.500,149267.500,149267.700,0.000,0.200,0.200
demo-1781204416625-670,Mira,149072.900,149073.000,149073.300,0.100,0.300,0.400
demo-1781204416424-669,AGN,148872.400,148872.500,148872.800,0.100,0.300,0.400
demo-1781204416211-668,AGN,148659.300,148659.300,148659.600,0.000,0.300,0.300
demo-1781204416007-667,AGN,148455.500,148455.500,148455.600,0.000,0.100,0.100
demo-1781204415819-666,LPV,148266.500,148266.600,148266.700,0.100,0.100,0.200
demo-1781204415608-665,RR Lyrae,148056.200,148056.300,148056.600,0.100,0.300,0.400
demo-1781204415408-664,Mira,147856.100,147856.100,147856.300,0.000,0.200,0.200
demo-1781204415223-663,AGN,147671.100,147671.100,147671.300,0.000,0.200,0.200
demo-1781204415025-662,LPV,147473.000,147473.100,147473.300,0.100,0.200,0.300
demo-1781204414824-661,Mira,147272.400,147272.400,147272.500,0.000,0.100,0.100
demo-1781204414625-660,Mira,147072.800,147072.900,147073.200,0.100,0.300,0.400
demo-1781204414408-659,RR Lyrae,146855.800,146856.000,146856.200,0.200,0.200,0.400
demo-1781204414213-658,RR Lyrae,146661.400,146661.400,146661.600,0.000,0.200,0.200
demo-1781204414008-657,RR Lyrae,146456.000,146456.000,146456.200,0.000,0.200,0.200
demo-1781204413821-656,RR Lyrae,146269.400,146269.400,146269.700,0.000,0.300,0.300
demo-1781204413608-655,Mira,146056.000,146056.100,146056.400,0.100,0.300,0.400
demo-1781204413425-654,LPV,145873.200,145873.300,145873.600,0.100,0.300,0.400
demo-1781204413211-653,QSO,145658.600,145658.700,145658.900,0.100,0.200,0.300
demo-1781204413025-652,RR Lyrae,145472.700,145472.800,145473.100,0.100,0.300,0.400
demo-1781204412817-651,Mira,145265.500,145265.500,145265.700,0.000,0.200,0.200
demo-1781204412608-650,AGN,145055.800,145055.900,145056.100,0.100,0.200,0.300
demo-1781204412408-649,RR Lyrae,144856.100,144856.100,144856.400,0.000,0.300,0.300
demo-1781204412211-648,Mira,144658.500,144658.500,144658.700,0.000,0.200,0.200
demo-1781204412008-647,RR Lyrae,144455.500,144455.500,144455.700,0.000,0.200,0.200
demo-1781204411818-646,Mira,144265.700,144265.700,144265.800,0.000,0.100,0.100
demo-1781204411608-645,SN II,144056.300,144056.300,144056.700,0.000,0.400,0.400
demo-1781204411408-644,Cepheid,143856.400,143856.500,143857.000,0.100,0.500,0.600
demo-1781204411213-643,Mira,143661.000,143661.000,143661.200,0.000,0.200,0.200
demo-1781204411025-642,RR Lyrae,143472.600,143472.700,143473.100,0.100,0.400,0.500
demo-1781204410820-641,Mira,143268.300,143268.300,143268.400,0.000,0.100,0.100
demo-1781204410608-640,QSO,143056.300,143056.300,143056.700,0.000,0.400,0.400
demo-1781204410425-639,AGN,142872.700,142872.800,142873.100,0.100,0.300,0.400
demo-1781204410214-638,RR Lyrae,142662.200,142662.200,142662.500,0.000,0.300,0.300
demo-1781204410008-637,Mira,142455.700,142455.800,142456.000,0.100,0.200,0.300
demo-1781204409819-636,Cepheid,142266.600,142266.700,142266.800,0.100,0.100,0.200
demo-1781204409608-635,RR Lyrae,142056.200,142056.300,142056.600,0.100,0.300,0.400
demo-1781204409408-634,QSO,141856.500,141856.500,141856.900,0.000,0.400,0.400
demo-1781204409224-633,RR Lyrae,141672.200,141672.200,141672.300,0.000,0.100,0.100
demo-1781204409024-632,QSO,141471.900,141472.000,141472.300,0.100,0.300,0.400
demo-1781204408821-631,RR Lyrae,141268.900,141269.000,141269.100,0.100,0.100,0.200
demo-1781204408608-630,RR Lyrae,141056.200,141056.200,141056.500,0.000,0.300,0.300
demo-1781204408408-629,QSO,140856.500,140856.500,140856.900,0.000,0.400,0.400
demo-1781204408224-628,RR Lyrae,140672.300,140672.300,140672.400,0.000,0.100,0.100
demo-1781204408024-627,LPV,140472.100,140472.200,140472.400,0.100,0.200,0.300
demo-1781204407824-626,RR Lyrae,140272.000,140272.000,140272.200,0.000,0.200,0.200
demo-1781204407625-625,SN II,140073.200,140073.200,140073.700,0.000,0.500,0.500
demo-1781204407424-624,Unknown,139872.300,139872.300,139872.500,0.000,0.200,0.200
demo-1781204407211-623,RR Lyrae,139659.200,139659.300,139659.500,0.100,0.200,0.300
demo-1781204407025-622,SN Ia,139472.600,139472.700,139473.000,0.100,0.300,0.400
demo-1781204406819-621,Mira,139266.800,139266.800,139267.000,0.000,0.200,0.200
demo-1781204406625-620,Cepheid,139073.000,139073.000,139073.400,0.000,0.400,0.400
demo-1781204406408-619,RR Lyrae,138856.200,138856.300,138856.700,0.100,0.400,0.500
demo-1781204406213-618,RR Lyrae,138660.900,138660.900,138661.100,0.000,0.200,0.200
demo-1781204406008-617,RR Lyrae,138455.500,138455.500,138455.700,0.000,0.200,0.200
demo-1781204405816-616,RR Lyrae,138263.500,138263.500,138263.700,0.000,0.200,0.200
demo-1781204405608-615,AGN,138056.100,138056.100,138056.400,0.000,0.300,0.300
demo-1781204405408-614,RR Lyrae,137856.000,137856.100,137856.300,0.100,0.200,0.300
demo-1781204405224-613,RR Lyrae,137672.000,137672.100,137672.200,0.100,0.100,0.200
demo-1781204405025-612,AGN,137472.700,137472.700,137473.000,0.000,0.300,0.300
demo-1781204404819-611,AGN,137267.100,137267.200,137267.300,0.100,0.100,0.200
demo-1781204404625-610,RR Lyrae,137073.100,137073.200,137073.500,0.100,0.300,0.400
demo-1781204404408-609,SN Ia,136856.400,136856.400,136856.800,0.000,0.400,0.400
demo-1781204404214-608,Mira,136662.100,136662.100,136662.300,0.000,0.200,0.200
demo-1781204404008-607,Mira,136455.500,136455.600,136455.800,0.100,0.200,0.300
demo-1781204403820-606,RR Lyrae,136267.900,136267.900,136268.100,0.000,0.200,0.200
demo-1781204403608-605,RR Lyrae,136056.100,136056.200,136056.500,0.100,0.300,0.400
demo-1781204403408-604,LPV,135855.700,135855.700,135856.100,0.000,0.400,0.400
demo-1781204403215-603,RR Lyrae,135662.900,135662.900,135663.000,0.000,0.100,0.100
demo-1781204403025-602,RR Lyrae,135472.700,135472.800,135473.000,0.100,0.200,0.300
demo-1781204402824-601,RR Lyrae,135272.200,135272.200,135272.400,0.000,0.200,0.200
demo-1781204402608-600,RR Lyrae,135055.800,135055.800,135056.000,0.000,0.200,0.200
demo-1781204402424-599,Unknown,134872.200,134872.300,134872.600,0.100,0.300,0.400
demo-1781204402214-598,Cepheid,134661.700,134661.700,134662.000,0.000,0.300,0.300
demo-1781204402008-597,RR Lyrae,134455.500,134455.500,134455.600,0.000,0.100,0.100
demo-1781204401824-596,QSO,134272.000,134272.000,134272.200,0.000,0.200,0.200
demo-1781204401625-595,SN Ia,134073.100,134073.200,134073.500,0.100,0.300,0.400
demo-1781204401424-594,RR Lyrae,133871.900,133872.000,133872.300,0.100,0.300,0.400
demo-1781204401212-593,AGN,133659.500,133659.500,133659.700,0.000,0.200,0.200
demo-1781204401007-592,AGN,133455.300,133455.300,133455.500,0.000,0.200,0.200
demo-1781204400817-591,LPV,133264.600,133264.600,133264.700,0.000,0.100,0.100
demo-1781204400608-590,RR Lyrae,133055.800,133055.900,133056.300,0.100,0.400,0.500
demo-1781204400408-589,RR Lyrae,132856.100,132856.100,132856.500,0.000,0.400,0.400
demo-1781204400224-588,AGN,132672.000,132672.000,132672.200,0.000,0.200,0.200
demo-1781204400008-587,Mira,132456.200,132456.200,132456.500,0.000,0.300,0.300
demo-1781204399821-586,AGN,132268.800,132268.800,132268.900,0.000,0.100,0.100
demo-1781204399608-585,Mira,132055.900,132056.000,132056.200,0.100,0.200,0.300
demo-1781204399408-584,Mira,131856.300,131856.400,131856.800,0.100,0.400,0.500
demo-1781204399213-583,Mira,131661.400,131661.500,131661.600,0.100,0.100,0.200
demo-1781204399023-582,QSO,131471.500,131471.600,131471.900,0.100,0.300,0.400
demo-1781204398817-581,SN Ia,131264.500,131264.500,131264.700,0.000,0.200,0.200
demo-1781204398608-580,Cepheid,131056.100,131056.100,131056.500,0.000,0.400,0.400
demo-1781204398408-579,Unknown,130856.300,130856.400,130856.900,0.100,0.500,0.600
demo-1781204398223-578,RR Lyrae,130671.100,130671.200,130671.300,0.100,0.100,0.200
demo-1781204398007-577,Mira,130455.400,130455.500,130455.700,0.100,0.200,0.300
demo-1781204397818-576,Mira,130266.300,130266.300,130266.500,0.000,0.200,0.200
demo-1781204397608-575,Cepheid,130056.400,130056.500,130056.800,0.100,0.300,0.400
demo-1781204397424-574,AGN,129871.700,129871.700,129872.000,0.000,0.300,0.300
demo-1781204397211-573,RR Lyrae,129659.400,129659.400,129659.600,0.000,0.200,0.200
demo-1781204397024-572,Unknown,129471.600,129471.700,129471.900,0.100,0.200,0.300
demo-1781204396818-571,RR Lyrae,129265.500,129265.600,129265.700,0.100,0.100,0.200
demo-1781204396608-570,AGN,129055.800,129056.000,129056.300,0.200,0.300,0.500
demo-1781204396408-569,Unknown,128856.300,128856.300,128856.700,0.000,0.400,0.400
demo-1781204396211-568,AGN,128659.000,128659.000,128659.200,0.000,0.200,0.200
demo-1781204396007-567,RR Lyrae,128455.400,128455.500,128455.700,0.100,0.200,0.300
demo-1781204395820-566,AGN,128267.800,128267.800,128267.900,0.000,0.100,0.100
demo-1781204395625-565,RR Lyrae,128073.000,128073.000,128073.400,0.000,0.400,0.400
demo-1781204395425-564,RR Lyrae,127873.200,127873.200,127873.500,0.000,0.300,0.300
demo-1781204395224-563,SN II,127672.000,127672.100,127672.200,0.100,0.100,0.200
demo-1781204395007-562,Mira,127455.200,127455.200,127455.300,0.000,0.100,0.100
demo-1781204394825-561,Mira,127272.500,127272.500,127272.700,0.000,0.200,0.200
demo-1781204394625-560,AGN,127072.800,127072.900,127073.300,0.100,0.400,0.500
demo-1781204394408-559,AGN,126856.300,126856.400,126856.700,0.100,0.300,0.400
demo-1781204394215-558,SN II,126662.500,126662.500,126662.800,0.000,0.300,0.300
demo-1781204394007-557,AGN,126455.300,126455.300,126455.500,0.000,0.200,0.200
demo-1781204393816-556,SN Ia,126263.700,126263.700,126263.800,0.000,0.100,0.100
demo-1781204393608-555,SN Ia,126055.700,126055.800,126056.000,0.100,0.200,0.300
demo-1781204393408-554,SN Ia,125856.100,125856.100,125856.500,0.000,0.400,0.400
demo-1781204393214-553,RR Lyrae,125661.600,125661.600,125661.900,0.000,0.300,0.300
demo-1781204393008-552,AGN,125455.700,125455.800,125456.100,0.100,0.300,0.400
demo-1781204392823-551,AGN,125270.800,125270.900,125270.900,0.100,0.000,0.100
demo-1781204392625-550,RR Lyrae,125072.900,125073.100,125073.400,0.200,0.300,0.500
demo-1781204392425-549,AGN,124872.800,124872.800,124873.200,0.000,0.400,0.400
demo-1781204392212-548,RR Lyrae,124659.800,124659.900,124660.100,0.100,0.200,0.300
demo-1781204392007-547,AGN,124455.400,124455.400,124455.700,0.000,0.300,0.300
demo-1781204391820-546,RR Lyrae,124268.000,124268.000,124268.200,0.000,0.200,0.200
demo-1781204391624-545,AGN,124072.300,124072.300,124072.800,0.000,0.500,0.500
demo-1781204391424-544,Cepheid,123872.000,123872.100,123872.400,0.100,0.300,0.400
demo-1781204391213-543,AGN,123661.100,123661.200,123661.300,0.100,0.100,0.200
demo-1781204391007-542,Mira,123455.200,123455.200,123455.300,0.000,0.100,0.100
demo-1781204390822-541,RR Lyrae,123270.200,123270.200,123270.400,0.000,0.200,0.200
demo-1781204390608-540,Unknown,123056.300,123056.300,123056.700,0.000,0.400,0.400
demo-1781204390408-539,AGN,122856.300,122856.300,122856.800,0.000,0.500,0.500
demo-1781204390214-538,LPV,122662.400,122662.400,122662.700,0.000,0.300,0.300
demo-1781204390007-537,RR Lyrae,122455.300,122455.300,122455.500,0.000,0.200,0.200
demo-1781204389821-536,LPV,122269.000,122269.000,122269.100,0.000,0.100,0.100
demo-1781204389608-535,QSO,122055.700,122055.900,122056.200,0.200,0.300,0.500
demo-1781204389408-534,Unknown,121856.200,121856.300,121856.600,0.100,0.300,0.400
demo-1781204389211-533,SN Ia,121658.700,121658.700,121658.900,0.000,0.200,0.200
demo-1781204389024-532,Mira,121472.500,121472.600,121472.900,0.100,0.300,0.400
demo-1781204388822-531,SN II,121269.700,121269.700,121269.800,0.000,0.100,0.100
demo-1781204388608-530,AGN,121056.200,121056.300,121056.700,0.100,0.400,0.500
demo-1781204388408-529,RR Lyrae,120856.100,120856.100,120856.500,0.000,0.400,0.400
demo-1781204388211-528,RR Lyrae,120658.600,120658.700,120658.800,0.100,0.100,0.200
demo-1781204388007-527,RR Lyrae,120455.400,120455.400,120455.700,0.000,0.300,0.300
demo-1781204387819-526,RR Lyrae,120267.400,120267.400,120267.600,0.000,0.200,0.200
demo-1781204387608-525,AGN,120055.800,120055.800,120056.100,0.000,0.300,0.300
demo-1781204387408-524,Mira,119856.200,119856.300,119856.700,0.100,0.400,0.500
demo-1781204387214-523,RR Lyrae,119661.900,119661.900,119662.200,0.000,0.300,0.300
demo-1781204387024-522,RR Lyrae,119472.500,119472.600,119472.800,0.100,0.200,0.300
demo-1781204386825-521,AGN,119273.300,119273.300,119273.500,0.000,0.200,0.200
demo-1781204386608-520,RR Lyrae,119055.800,119055.900,119056.200,0.100,0.300,0.400
demo-1781204386408-519,RR Lyrae,118856.300,118856.400,118856.800,0.100,0.400,0.500
demo-1781204386224-518,RR Lyrae,118672.200,118672.200,118672.400,0.000,0.200,0.200
demo-1781204386008-517,RR Lyrae,118455.700,118455.700,118455.900,0.000,0.200,0.200
demo-1781204385820-516,Mira,118268.100,118268.100,118268.300,0.000,0.200,0.200
demo-1781204385608-515,RR Lyrae,118056.100,118056.200,118056.600,0.100,0.400,0.500
demo-1781204385408-514,RR Lyrae,117856.200,117856.200,117856.600,0.000,0.400,0.400
demo-1781204385214-513,RR Lyrae,117661.900,117662.000,117662.200,0.100,0.200,0.300
demo-1781204385024-512,RR Lyrae,117472.200,117472.300,117472.700,0.100,0.400,0.500
demo-1781204384822-511,RR Lyrae,117270.200,117270.300,117270.400,0.100,0.100,0.200
demo-1781204384608-510,SN Ia,117056.200,117056.300,117056.800,0.100,0.500,0.600
demo-1781204384425-509,Mira,116872.900,116873.000,116873.400,0.100,0.400,0.500
demo-1781204384216-508,RR Lyrae,116664.100,116664.100,116664.400,0.000,0.300,0.300
demo-1781204384007-507,Cepheid,116455.300,116455.400,116455.500,0.100,0.100,0.200
demo-1781204383816-506,Cepheid,116264.400,116264.400,116264.600,0.000,0.200,0.200
demo-1781204383608-505,SN II,116055.700,116055.700,116056.000,0.000,0.300,0.300
demo-1781204383424-504,RR Lyrae,115871.900,115872.000,115872.400,0.100,0.400,0.500
demo-1781204383215-503,RR Lyrae,115663.200,115663.200,115663.400,0.000,0.200,0.200
demo-1781204383007-502,SN II,115455.100,115455.300,115455.400,0.200,0.100,0.300
demo-1781204382818-501,RR Lyrae,115266.200,115266.200,115266.400,0.000,0.200,0.200
demo-1781204382608-500,RR Lyrae,115055.800,115055.800,115056.200,0.000,0.400,0.400
demo-1781204382408-499,LPV,114856.300,114856.400,114856.800,0.100,0.400,0.500
demo-1781204382226-498,RR Lyrae,114674.100,114674.100,114674.300,0.000,0.200,0.200
demo-1781204382007-497,AGN,114455.300,114455.300,114455.500,0.000,0.200,0.200
demo-1781204381824-496,RR Lyrae,114271.500,114271.600,114271.700,0.100,0.100,0.200
demo-1781204381625-495,AGN,114073.100,114073.200,114073.500,0.100,0.300,0.400
demo-1781204381408-494,AGN,113856.200,113856.300,113856.700,0.100,0.400,0.500
demo-1781204381213-493,QSO,113661.200,113661.200,113661.500,0.000,0.300,0.300
demo-1781204381024-492,Mira,113472.400,113472.600,113472.900,0.200,0.300,0.500
demo-1781204380817-491,Mira,113264.700,113264.800,113265.000,0.100,0.200,0.300
demo-1781204380627-490,Mira,113074.900,113075.000,113075.400,0.100,0.400,0.500
demo-1781204380425-489,Unknown,112873.000,112873.100,112873.400,0.100,0.300,0.400
demo-1781204380213-488,SN II,112661.400,112661.400,112661.600,0.000,0.200,0.200
demo-1781204380008-487,SN Ia,112455.700,112455.800,112456.000,0.100,0.200,0.300
demo-1781204379822-486,Mira,112270.000,112270.000,112270.300,0.000,0.300,0.300
demo-1781204379608-485,AGN,112056.200,112056.200,112056.600,0.000,0.400,0.400
demo-1781204379425-484,RR Lyrae,111872.700,111872.900,111873.100,0.200,0.200,0.400
demo-1781204379214-483,SN Ia,111661.900,111661.900,111662.100,0.000,0.200,0.200
demo-1781204379008-482,Unknown,111455.600,111455.700,111456.000,0.100,0.300,0.400
demo-1781204378819-481,RR Lyrae,111267.500,111267.500,111267.600,0.000,0.100,0.100
demo-1781204378625-480,RR Lyrae,111072.900,111073.000,111073.400,0.100,0.400,0.500
demo-1781204378408-479,Mira,110856.000,110856.100,110856.400,0.100,0.300,0.400
demo-1781204378210-478,RR Lyrae,110657.900,110657.900,110658.100,0.000,0.200,0.200
demo-1781204378007-477,Mira,110455.200,110455.300,110455.500,0.100,0.200,0.300
demo-1781204377819-476,Cepheid,110266.900,110266.900,110267.100,0.000,0.200,0.200
demo-1781204377608-475,SN II,110056.200,110056.300,110056.600,0.100,0.300,0.400
demo-1781204377425-474,AGN,109872.600,109872.700,109872.900,0.100,0.200,0.300
demo-1781204377213-473,AGN,109661.100,109661.100,109661.300,0.000,0.200,0.200
demo-1781204377007-472,RR Lyrae,109455.100,109455.100,109455.200,0.000,0.100,0.100
demo-1781204376816-471,Mira,109264.100,109264.200,109264.300,0.100,0.100,0.200
demo-1781204376608-470,Mira,109055.900,109056.000,109056.300,0.100,0.300,0.400
demo-1781204376424-469,Unknown,108872.000,108872.000,108872.300,0.000,0.300,0.300
demo-1781204376223-468,SN Ia,108671.000,108671.000,108671.100,0.000,0.100,0.100
demo-1781204376007-467,LPV,108455.300,108455.400,108455.500,0.100,0.100,0.200
demo-1781204375825-466,Mira,108272.800,108272.800,108273.000,0.000,0.200,0.200
demo-1781204375608-465,AGN,108055.800,108055.900,108056.200,0.100,0.300,0.400
demo-1781204375408-464,Unknown,107856.100,107856.200,107856.600,0.100,0.400,0.500
demo-1781204375212-463,RR Lyrae,107660.100,107660.100,107660.300,0.000,0.200,0.200
demo-1781204375008-462,SN Ia,107455.500,107455.700,107455.800,0.200,0.100,0.300
demo-1781204374824-461,RR Lyrae,107271.800,107271.800,107271.900,0.000,0.100,0.100
demo-1781204374608-460,AGN,107055.900,107055.900,107056.300,0.000,0.400,0.400
demo-1781204374424-459,RR Lyrae,106872.500,106872.600,106872.800,0.100,0.200,0.300
demo-1781204374210-458,AGN,106658.200,106658.200,106658.300,0.000,0.100,0.100
demo-1781204374007-457,RR Lyrae,106455.200,106455.300,106455.500,0.100,0.200,0.300
demo-1781204373824-456,Mira,106271.700,106271.700,106271.900,0.000,0.200,0.200
demo-1781204373608-455,RR Lyrae,106056.100,106056.200,106056.500,0.100,0.300,0.400
demo-1781204373425-454,Cepheid,105872.600,105872.600,105873.000,0.000,0.400,0.400
demo-1781204373224-453,Unknown,105671.900,105671.900,105672.100,0.000,0.200,0.200
demo-1781204373024-452,AGN,105472.400,105472.500,105472.700,0.100,0.200,0.300
demo-1781204372819-451,RR Lyrae,105266.700,105266.700,105266.900,0.000,0.200,0.200
demo-1781204372608-450,Unknown,105055.900,105056.000,105056.300,0.100,0.300,0.400
demo-1781204372424-449,RR Lyrae,104872.500,104872.600,104873.000,0.100,0.400,0.500
demo-1781204372210-448,Mira,104657.700,104657.700,104657.900,0.000,0.200,0.200
demo-1781204372007-447,QSO,104455.200,104455.200,104455.400,0.000,0.200,0.200
demo-1781204371823-446,RR Lyrae,104271.400,104271.400,104271.500,0.000,0.100,0.100
demo-1781204371608-445,SN Ia,104055.900,104056.100,104056.500,0.200,0.400,0.600
demo-1781204371424-444,RR Lyrae,103872.300,103872.500,103872.800,0.200,0.300,0.500
demo-1781204371212-443,Cepheid,103660.400,103660.500,103660.700,0.100,0.200,0.300
demo-1781204371007-442,Mira,103455.500,103455.500,103455.800,0.000,0.300,0.300
demo-1781204370822-441,SN Ia,103270.200,103270.300,103270.500,0.100,0.200,0.300
demo-1781204370608-440,AGN,103055.600,103055.700,103055.900,0.100,0.200,0.300
demo-1781204370408-439,RR Lyrae,102855.900,102856.000,102856.300,0.100,0.300,0.400
demo-1781204370223-438,RR Lyrae,102670.800,102670.800,102671.000,0.000,0.200,0.200
demo-1781204370007-437,AGN,102455.200,102455.200,102455.400,0.000,0.200,0.200
demo-1781204369824-436,RR Lyrae,102271.800,102271.800,102271.900,0.000,0.100,0.100
demo-1781204369608-435,SN II,102055.900,102056.000,102056.300,0.100,0.300,0.400
demo-1781204369408-434,QSO,101855.800,101855.900,101856.300,0.100,0.400,0.500
demo-1781204369224-433,SN Ia,101671.800,101671.800,101672.000,0.000,0.200,0.200
demo-1781204369024-432,LPV,101472.300,101472.400,101472.700,0.100,0.300,0.400
demo-1781204368818-431,Mira,101266.500,101266.500,101266.600,0.000,0.100,0.100
demo-1781204368608-430,RR Lyrae,101056.200,101056.200,101056.600,0.000,0.400,0.400
demo-1781204368408-429,AGN,100856.100,100856.100,100856.600,0.000,0.500,0.500
demo-1781204368223-428,Unknown,100670.900,100671.000,100671.000,0.100,0.000,0.100
demo-1781204368007-427,RR Lyrae,100455.100,100455.100,100455.300,0.000,0.200,0.200
demo-1781204367816-426,AGN,100263.600,100263.600,100263.700,0.000,0.100,0.100
demo-1781204367625-425,RR Lyrae,100072.900,100072.900,100073.300,0.000,0.400,0.400
demo-1781204367408-424,Mira,99855.800,99855.900,99856.300,0.100,0.400,0.500
demo-1781204367209-423,RR Lyrae,99657.200,99657.200,99657.400,0.000,0.200,0.200
demo-1781204367124-422,Mira,99571.900,99571.900,99571.900,0.000,0.000,0.000
demo-1781204367107-421,SN Ia,99555.200,99555.200,99555.200,0.000,0.000,0.000
demo-1781204367091-420,Mira,99539.200,99539.200,99539.400,0.000,0.200,0.200
demo-1781204367074-419,AGN,99522.300,99522.300,99522.400,0.000,0.100,0.100
demo-1781204367058-418,Mira,99505.800,99505.800,99505.900,0.000,0.100,0.100
demo-1781204367053-417,RR Lyrae,99501.500,99501.500,99501.700,0.000,0.200,0.200
demo-1781204365824-416,Cepheid,98271.800,98271.800,98271.900,0.000,0.100,0.100
demo-1781204365608-415,RR Lyrae,98055.700,98055.700,98056.000,0.000,0.300,0.300
demo-1781204365423-414,RR Lyrae,97870.900,97871.000,97871.100,0.100,0.100,0.200
demo-1781204365224-413,RR Lyrae,97671.700,97671.700,97671.900,0.000,0.200,0.200
demo-1781204365023-412,AGN,97471.200,97471.300,97471.500,0.100,0.200,0.300
demo-1781204364823-411,SN Ia,97271.000,97271.000,97271.200,0.000,0.200,0.200
demo-1781204364625-410,AGN,97072.700,97072.800,97073.200,0.100,0.400,0.500
demo-1781204364424-409,Mira,96872.400,96872.500,96872.800,0.100,0.300,0.400
demo-1781204364223-408,RR Lyrae,96670.800,96671.000,96671.100,0.200,0.100,0.300
demo-1781204364023-407,Cepheid,96470.900,96470.900,96471.100,0.000,0.200,0.200
demo-1781204363814-406,RR Lyrae,96261.700,96261.700,96261.900,0.000,0.200,0.200
demo-1781204363624-405,Cepheid,96072.000,96072.000,96072.400,0.000,0.400,0.400
demo-1781204363407-404,AGN,95855.200,95855.200,95855.400,0.000,0.200,0.200
demo-1781204363213-403,AGN,95661.400,95661.400,95661.700,0.000,0.300,0.300
demo-1781204363024-402,Mira,95472.600,95472.600,95472.900,0.000,0.300,0.300
demo-1781204362826-401,Mira,95273.500,95273.600,95273.700,0.100,0.100,0.200
demo-1781204362608-400,RR Lyrae,95055.800,95055.900,95056.300,0.100,0.400,0.500
demo-1781204362425-399,AGN,94872.600,94872.600,94873.000,0.000,0.400,0.400
demo-1781204362224-398,Unknown,94671.900,94671.900,94672.000,0.000,0.100,0.100
demo-1781204362007-397,AGN,94455.200,94455.200,94455.200,0.000,0.000,0.000
demo-1781204361974-396,RR Lyrae,94421.800,94421.900,94421.900,0.100,0.000,0.100
demo-1781204361959-395,RR Lyrae,94407.300,94407.400,94407.500,0.100,0.100,0.200
demo-1781204361941-394,LPV,94388.500,94388.500,94388.600,0.000,0.100,0.100
demo-1781204361924-393,Mira,94372.000,94372.000,94372.000,0.000,0.000,0.000
demo-1781204361907-392,AGN,94355.100,94355.200,94355.200,0.100,0.000,0.100
demo-1781204361891-391,RR Lyrae,94338.600,94338.600,94338.700,0.000,0.100,0.100
demo-1781204361874-390,Mira,94322.200,94322.200,94322.300,0.000,0.100,0.100
demo-1781204361857-389,SN Ia,94305.200,94305.200,94305.400,0.000,0.200,0.200
demo-1781204361841-388,AGN,94288.800,94288.800,94288.900,0.000,0.100,0.100
demo-1781204361824-387,AGN,94272.200,94272.200,94272.300,0.000,0.100,0.100
demo-1781204361817-386,Unknown,94265.400,94265.400,94265.500,0.000,0.100,0.100
demo-1781204359209-385,Cepheid,91656.700,91656.700,91656.900,0.000,0.200,0.200
demo-1781204359007-384,AGN,91455.000,91455.000,91455.200,0.000,0.200,0.200
demo-1781204358813-383,AGN,91261.400,91261.400,91261.500,0.000,0.100,0.100
demo-1781204358607-382,QSO,91055.100,91055.100,91055.300,0.000,0.200,0.200
demo-1781204358423-381,Mira,90871.100,90871.100,90871.200,0.000,0.100,0.100
demo-1781204358208-380,AGN,90655.500,90655.500,90655.600,0.000,0.100,0.100
demo-1781204358007-379,SN Ia,90455.100,90455.100,90455.300,0.000,0.200,0.200
demo-1781204357813-378,AGN,90261.500,90261.500,90261.600,0.000,0.100,0.100
demo-1781204357624-377,AGN,90071.600,90071.800,90071.800,0.200,0.000,0.200
demo-1781204357424-376,Mira,89871.600,89871.600,89871.900,0.000,0.300,0.300
demo-1781204357211-375,AGN,89658.500,89658.500,89658.600,0.000,0.100,0.100
demo-1781204357007-374,AGN,89455.000,89455.000,89455.200,0.000,0.200,0.200
demo-1781204356820-373,RR Lyrae,89267.900,89267.900,89268.000,0.000,0.100,0.100
demo-1781204356624-372,SN II,89071.900,89072.100,89072.400,0.200,0.300,0.500
demo-1781204356408-371,QSO,88855.800,88855.800,88856.000,0.000,0.200,0.200
demo-1781204356224-370,RR Lyrae,88671.900,88671.900,88672.100,0.000,0.200,0.200
demo-1781204356008-369,Mira,88455.700,88455.800,88456.100,0.100,0.300,0.400
demo-1781204355818-368,RR Lyrae,88266.000,88266.000,88266.200,0.000,0.200,0.200
demo-1781204355624-367,AGN,88071.800,88071.900,88072.400,0.100,0.500,0.600
demo-1781204355408-366,RR Lyrae,87856.000,87856.100,87856.300,0.100,0.200,0.300
demo-1781204355211-365,AGN,87658.800,87658.900,87659.000,0.100,0.100,0.200
demo-1781204355007-364,QSO,87455.300,87455.400,87455.700,0.100,0.300,0.400
demo-1781204354815-363,AGN,87263.100,87263.200,87263.300,0.100,0.100,0.200
demo-1781204354608-362,RR Lyrae,87055.900,87055.900,87056.300,0.000,0.400,0.400
demo-1781204354425-361,AGN,86872.900,86873.000,86873.300,0.100,0.300,0.400
demo-1781204354224-360,RR Lyrae,86671.700,86671.800,86671.800,0.100,0.000,0.100
demo-1781204354008-359,Cepheid,86455.600,86455.700,86455.900,0.100,0.200,0.300
demo-1781204353824-358,QSO,86271.900,86271.900,86272.000,0.000,0.100,0.100
demo-1781204353608-357,AGN,86055.900,86056.000,86056.400,0.100,0.400,0.500
demo-1781204353408-356,LPV,85855.700,85855.700,85856.000,0.000,0.300,0.300
demo-1781204353223-355,RR Lyrae,85670.800,85670.900,85671.200,0.100,0.300,0.400
demo-1781204353007-354,Unknown,85455.300,85455.300,85455.700,0.000,0.400,0.400
demo-1781204352824-353,RR Lyrae,85271.600,85271.700,85271.800,0.100,0.100,0.200
demo-1781204352608-352,AGN,85055.800,85055.900,85056.300,0.100,0.400,0.500
demo-1781204352408-351,SN Ia,84855.800,84855.900,84856.200,0.100,0.300,0.400
demo-1781204352217-350,Unknown,84664.900,84664.900,84665.100,0.000,0.200,0.200
demo-1781204352007-349,Cepheid,84454.900,84455.000,84455.100,0.100,0.100,0.200
demo-1781204351815-348,Cepheid,84262.900,84262.900,84263.000,0.000,0.100,0.100
demo-1781204351608-347,AGN,84055.800,84055.900,84056.300,0.100,0.400,0.500
demo-1781204351408-346,RR Lyrae,83855.600,83855.600,83855.800,0.000,0.200,0.200
demo-1781204351224-345,AGN,83671.600,83671.600,83671.800,0.000,0.200,0.200
demo-1781204351007-344,RR Lyrae,83454.800,83454.800,83455.000,0.000,0.200,0.200
demo-1781204350814-343,RR Lyrae,83261.600,83261.700,83261.800,0.100,0.100,0.200
demo-1781204350608-342,AGN,83055.700,83055.700,83056.100,0.000,0.400,0.400
demo-1781204350423-341,SN II,82871.500,82871.500,82871.900,0.000,0.400,0.400
demo-1781204350216-340,RR Lyrae,82663.900,82663.900,82664.000,0.000,0.100,0.100
demo-1781204350007-339,Mira,82455.400,82455.500,82455.700,0.100,0.200,0.300
demo-1781204349815-338,Unknown,82263.300,82263.400,82263.500,0.100,0.100,0.200
demo-1781204349608-337,AGN,82055.700,82055.800,82056.100,0.100,0.300,0.400
demo-1781204349408-336,RR Lyrae,81855.900,81856.000,81856.400,0.100,0.400,0.500
demo-1781204349223-335,AGN,81671.200,81671.300,81671.500,0.100,0.200,0.300
demo-1781204349023-334,LPV,81471.100,81471.200,81471.400,0.100,0.200,0.300
demo-1781204348812-333,RR Lyrae,81260.400,81260.400,81260.500,0.000,0.100,0.100
demo-1781204348625-332,RR Lyrae,81072.600,81072.700,81073.100,0.100,0.400,0.500
demo-1781204348408-331,AGN,80855.800,80855.800,80856.200,0.000,0.400,0.400
demo-1781204348214-330,Mira,80661.900,80662.000,80662.100,0.100,0.100,0.200
demo-1781204348024-329,Mira,80472.300,80472.300,80472.600,0.000,0.300,0.300
demo-1781204347823-328,Mira,80270.800,80270.900,80271.000,0.100,0.100,0.200
demo-1781204347608-327,RR Lyrae,80055.600,80055.700,80055.900,0.100,0.200,0.300
demo-1781204347425-326,SN Ib,79872.800,79872.800,79873.200,0.000,0.400,0.400
demo-1781204347214-325,AGN,79662.500,79662.500,79662.600,0.000,0.100,0.100
demo-1781204347007-324,SN II,79455.300,79455.400,79455.600,0.100,0.200,0.300
demo-1781204346818-323,Unknown,79265.700,79265.800,79266.000,0.100,0.200,0.300
demo-1781204346608-322,AGN,79055.700,79055.700,79056.100,0.000,0.400,0.400
demo-1781204346408-321,RR Lyrae,78856.200,78856.200,78856.500,0.000,0.300,0.300
demo-1781204346215-320,RR Lyrae,78662.900,78662.900,78663.200,0.000,0.300,0.300
demo-1781204346007-319,RR Lyrae,78455.400,78455.500,78455.700,0.100,0.200,0.300
demo-1781204345824-318,LPV,78271.900,78271.900,78272.100,0.000,0.200,0.200
demo-1781204345607-317,RR Lyrae,78055.400,78055.500,78055.800,0.100,0.300,0.400
demo-1781204345408-316,Mira,77855.600,77855.600,77856.000,0.000,0.400,0.400
demo-1781204345224-315,AGN,77671.800,77671.800,77671.900,0.000,0.100,0.100
demo-1781204345008-314,QSO,77455.600,77455.600,77456.000,0.000,0.400,0.400
demo-1781204344819-313,SN Ia,77267.300,77267.400,77267.500,0.100,0.100,0.200
demo-1781204344607-312,Mira,77055.300,77055.400,77055.800,0.100,0.400,0.500
demo-1781204344425-311,AGN,76873.000,76873.100,76873.400,0.100,0.300,0.400
demo-1781204344215-310,AGN,76663.000,76663.000,76663.100,0.000,0.100,0.100
demo-1781204344007-309,RR Lyrae,76455.400,76455.400,76455.700,0.000,0.300,0.300
demo-1781204343823-308,RR Lyrae,76271.100,76271.100,76271.200,0.000,0.100,0.100
demo-1781204343608-307,Cepheid,76056.200,76056.200,76056.800,0.000,0.600,0.600
demo-1781204343425-306,RR Lyrae,75872.600,75872.600,75873.000,0.000,0.400,0.400
demo-1781204343215-305,AGN,75663.300,75663.300,75663.500,0.000,0.200,0.200
demo-1781204343007-304,LPV,75455.300,75455.400,75455.600,0.100,0.200,0.300
demo-1781204342824-303,AGN,75271.600,75271.600,75271.800,0.000,0.200,0.200
demo-1781204342608-302,RR Lyrae,75055.800,75055.900,75056.300,0.100,0.400,0.500
demo-1781204342424-301,RR Lyrae,74872.100,74872.100,74872.600,0.000,0.500,0.500
demo-1781204342216-300,SN II,74663.700,74663.700,74663.900,0.000,0.200,0.200
demo-1781204342024-299,RR Lyrae,74472.100,74472.200,74472.500,0.100,0.300,0.400
demo-1781204341823-298,RR Lyrae,74271.000,74271.100,74271.200,0.100,0.100,0.200
demo-1781204341607-297,Mira,74055.500,74055.500,74055.800,0.000,0.300,0.300
demo-1781204341408-296,AGN,73855.600,73855.700,73856.000,0.100,0.300,0.400
demo-1781204341224-295,RR Lyrae,73671.700,73671.700,73671.900,0.000,0.200,0.200
demo-1781204341007-294,AGN,73455.300,73455.400,73455.700,0.100,0.300,0.400
demo-1781204340815-293,RR Lyrae,73262.700,73262.800,73263.000,0.100,0.200,0.300
demo-1781204340608-292,RR Lyrae,73055.800,73055.900,73056.300,0.100,0.400,0.500
demo-1781204340408-291,SN Ia,72855.800,72855.900,72856.300,0.100,0.400,0.500
demo-1781204340213-290,Cepheid,72661.300,72661.400,72661.600,0.100,0.200,0.300
demo-1781204340007-289,RR Lyrae,72455.400,72455.500,72455.800,0.100,0.300,0.400
demo-1781204339821-288,QSO,72268.500,72268.600,72268.800,0.100,0.200,0.300
demo-1781204339607-287,RR Lyrae,72055.500,72055.600,72055.900,0.100,0.300,0.400
demo-1781204339424-286,QSO,71872.500,71872.600,71872.800,0.100,0.200,0.300
demo-1781204339224-285,RR Lyrae,71671.600,71671.600,71671.900,0.000,0.300,0.300
demo-1781204339023-284,SN II,71471.000,71471.000,71471.400,0.000,0.400,0.400
demo-1781204338815-283,Unknown,71263.200,71263.200,71263.400,0.000,0.200,0.200
demo-1781204338608-282,RR Lyrae,71055.600,71055.700,71056.100,0.100,0.400,0.500
demo-1781204338408-281,SN Ia,70855.700,70855.800,70856.200,0.100,0.400,0.500
demo-1781204338213-280,Mira,70661.100,70661.100,70661.400,0.000,0.300,0.300
demo-1781204338007-279,SN Ia,70455.500,70455.500,70455.700,0.000,0.200,0.200
demo-1781204337814-278,Mira,70262.400,70262.500,70262.600,0.100,0.100,0.200
demo-1781204337607-277,SN Ic,70055.400,70055.500,70055.800,0.100,0.300,0.400
demo-1781204337408-276,RR Lyrae,69855.800,69855.900,69856.200,0.100,0.300,0.400
demo-1781204337211-275,SN Ic,69658.900,69659.000,69659.000,0.100,0.000,0.100
demo-1781204337007-274,Unknown,69455.300,69455.400,69455.600,0.100,0.200,0.300
demo-1781204336823-273,Unknown,69270.600,69270.600,69270.700,0.000,0.100,0.100
demo-1781204336624-272,QSO,69072.500,69072.600,69073.000,0.100,0.400,0.500
demo-1781204336408-271,RR Lyrae,68855.600,68855.700,68856.100,0.100,0.400,0.500
demo-1781204336211-270,RR Lyrae,68658.700,68658.800,68658.900,0.100,0.100,0.200
demo-1781204336007-269,Mira,68455.300,68455.300,68455.600,0.000,0.300,0.300
demo-1781204335813-268,AGN,68260.500,68260.500,68260.700,0.000,0.200,0.200
demo-1781204335608-267,SN Ia,68055.600,68055.700,68056.200,0.100,0.500,0.600
demo-1781204335424-266,RR Lyrae,67872.200,67872.200,67872.400,0.000,0.200,0.200
demo-1781204335215-265,SN Ia,67663.300,67663.400,67663.600,0.100,0.200,0.300
demo-1781204335007-264,LPV,67455.200,67455.200,67455.500,0.000,0.300,0.300
demo-1781204334823-263,RR Lyrae,67271.100,67271.100,67271.200,0.000,0.100,0.100
demo-1781204334608-262,SN Ia,67055.700,67055.700,67056.100,0.000,0.400,0.400
demo-1781204334423-261,SN Ia,66871.400,66871.500,66871.800,0.100,0.300,0.400
demo-1781204334224-260,Mira,66671.600,66671.600,66671.800,0.000,0.200,0.200
demo-1781204334024-259,Mira,66472.200,66472.300,66472.600,0.100,0.300,0.400
demo-1781204333815-258,AGN,66262.600,66262.600,66262.700,0.000,0.100,0.100
demo-1781204333607-257,SN Ia,66055.500,66055.500,66056.000,0.000,0.500,0.500
demo-1781204333408-256,SN II,65855.600,65855.600,65855.900,0.000,0.300,0.300
demo-1781204333214-255,AGN,65662.000,65662.000,65662.200,0.000,0.200,0.200
demo-1781204333007-254,RR Lyrae,65455.300,65455.300,65455.600,0.000,0.300,0.300
demo-1781204332824-253,AGN,65271.600,65271.600,65271.800,0.000,0.200,0.200
demo-1781204332608-252,RR Lyrae,65055.700,65055.800,65056.100,0.100,0.300,0.400
demo-1781204332408-251,RR Lyrae,64855.700,64855.700,64856.100,0.000,0.400,0.400
demo-1781204332209-250,Mira,64656.900,64656.900,64657.100,0.000,0.200,0.200
demo-1781204332007-249,AGN,64455.300,64455.400,64455.600,0.100,0.200,0.300
demo-1781204331815-248,AGN,64263.500,64263.500,64263.900,0.000,0.400,0.400
demo-1781204331607-247,LPV,64055.500,64055.600,64055.800,0.100,0.200,0.300
demo-1781204331407-246,RR Lyrae,63855.500,63855.500,63855.800,0.000,0.300,0.300
demo-1781204331214-245,Mira,63661.800,63661.900,63662.100,0.100,0.200,0.300
demo-1781204331007-244,Mira,63455.200,63455.300,63455.600,0.100,0.300,0.400
demo-1781204330824-243,RR Lyrae,63271.600,63271.600,63271.700,0.000,0.100,0.100
demo-1781204330608-242,Cepheid,63055.600,63055.600,63056.000,0.000,0.400,0.400
demo-1781204330408-241,QSO,62855.600,62855.700,62856.100,0.100,0.400,0.500
demo-1781204330214-240,SN Ic,62662.500,62662.500,62662.800,0.000,0.300,0.300
demo-1781204330007-239,SN Ia,62455.400,62455.400,62455.700,0.000,0.300,0.300
demo-1781204329815-238,Mira,62263.200,62263.300,62263.500,0.100,0.200,0.300
demo-1781204329608-237,RR Lyrae,62055.600,62055.700,62056.100,0.100,0.400,0.500
demo-1781204329407-236,RR Lyrae,61855.100,61855.100,61855.400,0.000,0.300,0.300
demo-1781204329214-235,AGN,61662.100,61662.100,61662.300,0.000,0.200,0.200
demo-1781204329007-234,AGN,61455.200,61455.300,61455.600,0.100,0.300,0.400
demo-1781204328824-233,Mira,61271.600,61271.600,61271.800,0.000,0.200,0.200
demo-1781204328608-232,AGN,61055.600,61055.600,61056.000,0.000,0.400,0.400
demo-1781204328408-231,Unknown,60855.800,60855.900,60856.200,0.100,0.300,0.400
demo-1781204328212-230,AGN,60659.700,60659.700,60659.800,0.000,0.100,0.100
demo-1781204328007-229,SN II,60455.300,60455.400,60455.600,0.100,0.200,0.300
demo-1781204327820-228,RR Lyrae,60268.100,60268.100,60268.400,0.000,0.300,0.300
demo-1781204327608-227,Mira,60055.600,60055.700,60056.100,0.100,0.400,0.500
demo-1781204327424-226,RR Lyrae,59872.100,59872.200,59872.600,0.100,0.400,0.500
demo-1781204327214-225,Unknown,59662.400,59662.500,59662.700,0.100,0.200,0.300
demo-1781204327007-224,Mira,59454.800,59454.800,59455.000,0.000,0.200,0.200
demo-1781204326811-223,RR Lyrae,59259.100,59259.100,59259.200,0.000,0.100,0.100
demo-1781204326607-222,AGN,59054.800,59054.800,59055.000,0.000,0.200,0.200
demo-1781204326407-221,RR Lyrae,58855.200,58855.300,58855.600,0.100,0.300,0.400
demo-1781204326209-220,QSO,58657.100,58657.100,58657.300,0.000,0.200,0.200
demo-1781204326007-219,AGN,58454.800,58454.900,58454.900,0.100,0.000,0.100
demo-1781204325810-218,AGN,58258.200,58258.200,58258.300,0.000,0.100,0.100
demo-1781204325607-217,RR Lyrae,58054.700,58054.700,58054.900,0.000,0.200,0.200
demo-1781204325408-216,AGN,57855.700,57855.700,57856.300,0.000,0.600,0.600
demo-1781204325224-215,Cepheid,57671.800,57671.800,57672.000,0.000,0.200,0.200
demo-1781204325007-214,AGN,57455.500,57455.600,57456.000,0.100,0.400,0.500
demo-1781204324816-213,SN II,57264.100,57264.100,57264.400,0.000,0.300,0.300
demo-1781204324624-212,SN Ia,57071.800,57071.900,57072.100,0.100,0.200,0.300
demo-1781204324408-211,RR Lyrae,56855.700,56855.700,56856.100,0.000,0.400,0.400
demo-1781204324224-210,AGN,56671.500,56671.600,56671.700,0.100,0.100,0.200
demo-1781204324007-209,SN II,56455.400,56455.500,56455.700,0.100,0.200,0.300
demo-1781204323815-208,RR Lyrae,56263.300,56263.300,56263.400,0.000,0.100,0.100
demo-1781204323608-207,SN II,56055.500,56055.700,56056.000,0.200,0.300,0.500
demo-1781204323407-206,RR Lyrae,55855.500,55855.600,55855.900,0.100,0.300,0.400
demo-1781204323213-205,AGN,55661.300,55661.300,55661.600,0.000,0.300,0.300
demo-1781204323007-204,Mira,55455.400,55455.400,55455.700,0.000,0.300,0.300
demo-1781204322815-203,QSO,55263.400,55263.500,55263.700,0.100,0.200,0.300
demo-1781204322607-202,AGN,55055.500,55055.500,55055.800,0.000,0.300,0.300
demo-1781204322407-201,SN II,54855.500,54855.500,54855.800,0.000,0.300,0.300
demo-1781204322213-200,AGN,54661.000,54661.100,54661.200,0.100,0.100,0.200
demo-1781204322007-199,RR Lyrae,54454.700,54454.800,54455.000,0.100,0.200,0.300
demo-1781204321815-198,AGN,54263.400,54263.500,54263.600,0.100,0.100,0.200
demo-1781204321624-197,Unknown,54072.300,54072.400,54072.700,0.100,0.300,0.400
demo-1781204321424-196,Unknown,53872.100,53872.200,53872.600,0.100,0.400,0.500
demo-1781204321224-195,RR Lyrae,53671.700,53671.700,53671.800,0.000,0.100,0.100
demo-1781204321024-194,LPV,53472.100,53472.200,53472.400,0.100,0.200,0.300
demo-1781204320824-193,AGN,53271.600,53271.600,53271.800,0.000,0.200,0.200
demo-1781204320624-192,LPV,53072.000,53072.100,53072.500,0.100,0.400,0.500
demo-1781204320407-191,RR Lyrae,52855.500,52855.500,52855.800,0.000,0.300,0.300
demo-1781204320213-190,Unknown,52660.800,52660.800,52661.100,0.000,0.300,0.300
demo-1781204320007-189,RR Lyrae,52455.300,52455.300,52455.700,0.000,0.400,0.400
demo-1781204319816-188,RR Lyrae,52263.900,52263.900,52264.100,0.000,0.200,0.200
demo-1781204319608-187,Unknown,52055.500,52055.600,52055.900,0.100,0.300,0.400
demo-1781204319408-186,RR Lyrae,51855.700,51855.800,51856.200,0.100,0.400,0.500
demo-1781204319224-185,Mira,51671.600,51671.600,51671.800,0.000,0.200,0.200
demo-1781204319007-184,SN Ia,51455.300,51455.300,51455.600,0.000,0.300,0.300
demo-1781204318824-183,RR Lyrae,51271.500,51271.500,51271.700,0.000,0.200,0.200
demo-1781204318608-182,SN Ia,51055.800,51055.800,51056.200,0.000,0.400,0.400
demo-1781204318408-181,AGN,50856.000,50856.000,50856.400,0.000,0.400,0.400
demo-1781204318211-180,QSO,50659.000,50659.000,50659.200,0.000,0.200,0.200
demo-1781204318007-179,Cepheid,50455.000,50455.000,50455.200,0.000,0.200,0.200
demo-1781204317813-178,RR Lyrae,50260.500,50260.600,50260.800,0.100,0.200,0.300
demo-1781204317608-177,AGN,50055.600,50055.600,50055.900,0.000,0.300,0.300
demo-1781204317407-176,RR Lyrae,49855.200,49855.300,49855.600,0.100,0.300,0.400
demo-1781204317211-175,Mira,49659.300,49659.400,49659.700,0.100,0.300,0.400
demo-1781204317007-174,AGN,49455.100,49455.200,49455.300,0.100,0.100,0.200
demo-1781204316823-173,Mira,49271.500,49271.500,49271.700,0.000,0.200,0.200
demo-1781204316607-172,SN Ia,49054.700,49054.700,49054.900,0.000,0.200,0.200
demo-1781204316407-171,RR Lyrae,48854.800,48854.800,48855.000,0.000,0.200,0.200
demo-1781204316223-170,SN II,48671.400,48671.400,48671.600,0.000,0.200,0.200
demo-1781204316007-169,RR Lyrae,48454.800,48454.800,48455.000,0.000,0.200,0.200
demo-1781204315824-168,RR Lyrae,48271.600,48271.700,48271.800,0.100,0.100,0.200
demo-1781204315607-167,RR Lyrae,48054.800,48054.900,48055.000,0.100,0.100,0.200
demo-1781204315408-166,RR Lyrae,47855.700,47855.800,47856.100,0.100,0.300,0.400
demo-1781204315223-165,AGN,47671.000,47671.100,47671.300,0.100,0.200,0.300
demo-1781204315024-164,Mira,47472.000,47472.100,47472.300,0.100,0.200,0.300
demo-1781204314822-163,AGN,47270.400,47270.500,47270.700,0.100,0.200,0.300
demo-1781204314608-162,RR Lyrae,47055.600,47055.700,47056.100,0.100,0.400,0.500
demo-1781204314407-161,QSO,46855.400,46855.500,46855.800,0.100,0.300,0.400
demo-1781204314211-160,RR Lyrae,46659.400,46659.500,46659.700,0.100,0.200,0.300
demo-1781204314007-159,SN Ia,46455.300,46455.400,46455.700,0.100,0.300,0.400
demo-1781204313823-158,RR Lyrae,46271.300,46271.400,46271.500,0.100,0.100,0.200
demo-1781204313607-157,RR Lyrae,46055.300,46055.300,46055.700,0.000,0.400,0.400
demo-1781204313407-156,Cepheid,45855.300,45855.300,45855.500,0.000,0.200,0.200
demo-1781204313212-155,AGN,45659.800,45659.900,45660.100,0.100,0.200,0.300
demo-1781204313007-154,Mira,45454.800,45454.800,45455.000,0.000,0.200,0.200
demo-1781204312810-153,Cepheid,45257.700,45257.800,45257.900,0.100,0.100,0.200
demo-1781204312623-152,RR Lyrae,45071.400,45071.400,45071.500,0.000,0.100,0.100
demo-1781204312423-151,SN II,44871.300,44871.300,44871.400,0.000,0.100,0.100
demo-1781204312212-150,Mira,44659.900,44660.000,44660.100,0.100,0.100,0.200
demo-1781204312024-149,AGN,44471.700,44471.800,44472.000,0.100,0.200,0.300
demo-1781204311809-148,Mira,44256.600,44256.700,44256.800,0.100,0.100,0.200
demo-1781204311607-147,Unknown,44055.200,44055.300,44055.400,0.100,0.100,0.200
demo-1781204311408-146,RR Lyrae,43856.000,43856.100,43856.400,0.100,0.300,0.400
demo-1781204311224-145,SN II,43671.500,43671.600,43671.700,0.100,0.100,0.200
demo-1781204311024-144,Cepheid,43472.200,43472.300,43472.500,0.100,0.200,0.300
demo-1781204310813-143,Cepheid,43260.900,43261.000,43261.400,0.100,0.400,0.500
demo-1781204310608-142,Unknown,43055.600,43055.700,43056.000,0.100,0.300,0.400
demo-1781204310424-141,RR Lyrae,42872.100,42872.200,42872.500,0.100,0.300,0.400
demo-1781204310224-140,RR Lyrae,42671.700,42671.700,42671.800,0.000,0.100,0.100
demo-1781204310007-139,AGN,42455.300,42455.500,42455.800,0.200,0.300,0.500
demo-1781204309824-138,Unknown,42271.700,42271.800,42271.900,0.100,0.100,0.200
demo-1781204309624-137,SN II,42072.200,42072.400,42072.800,0.200,0.400,0.600
demo-1781204309407-136,QSO,41855.100,41855.100,41855.400,0.000,0.300,0.300
demo-1781204309224-135,AGN,41671.600,41671.600,41671.800,0.000,0.200,0.200
demo-1781204309007-134,Unknown,41455.100,41455.200,41455.500,0.100,0.300,0.400
demo-1781204308823-133,AGN,41271.400,41271.500,41271.700,0.100,0.200,0.300
demo-1781204308607-132,Mira,41055.400,41055.500,41055.900,0.100,0.400,0.500
demo-1781204308424-131,Mira,40872.400,40872.500,40872.900,0.100,0.400,0.500
demo-1781204308224-130,QSO,40671.800,40671.800,40672.000,0.000,0.200,0.200
demo-1781204308007-129,Cepheid,40455.300,40455.300,40455.700,0.000,0.400,0.400
demo-1781204307812-128,RR Lyrae,40259.800,40259.800,40260.100,0.000,0.300,0.300
demo-1781204307607-127,Cepheid,40055.200,40055.400,40055.800,0.200,0.400,0.600
demo-1781204307407-126,RR Lyrae,39855.300,39855.400,39856.000,0.100,0.600,0.700
demo-1781204307209-125,AGN,39656.700,39656.700,39657.000,0.000,0.300,0.300
demo-1781204307023-124,RR Lyrae,39470.700,39470.700,39471.000,0.000,0.300,0.300
demo-1781204306812-123,RR Lyrae,39260.200,39260.300,39260.600,0.100,0.300,0.400
demo-1781204306607-122,AGN,39055.300,39055.300,39055.700,0.000,0.400,0.400
demo-1781204306407-121,AGN,38855.400,38855.500,38855.900,0.100,0.400,0.500
demo-1781204306208-120,SN Ia,38656.300,38656.400,38656.600,0.100,0.200,0.300
demo-1781204306007-119,RR Lyrae,38454.800,38454.900,38455.100,0.100,0.200,0.300
demo-1781204305811-118,Mira,38259.500,38259.600,38259.800,0.100,0.200,0.300
demo-1781204305607-117,SN Ib,38055.300,38055.500,38055.900,0.200,0.400,0.600
demo-1781204305407-116,AGN,37855.000,37855.100,37855.200,0.100,0.100,0.200
demo-1781204305209-115,Mira,37656.600,37656.700,37657.000,0.100,0.300,0.400
demo-1781204305024-114,SN II,37472.000,37472.200,37472.500,0.200,0.300,0.500
demo-1781204304810-113,Cepheid,37258.300,37258.400,37258.500,0.100,0.100,0.200
demo-1781204304607-112,Mira,37055.500,37055.600,37056.100,0.100,0.500,0.600
demo-1781204304407-111,AGN,36854.700,36854.800,36855.000,0.100,0.200,0.300
demo-1781204304223-110,RR Lyrae,36671.400,36671.400,36671.500,0.000,0.100,0.100
demo-1781204304007-109,RR Lyrae,36455.300,36455.400,36455.600,0.100,0.200,0.300
demo-1781204303823-108,Cepheid,36271.500,36271.500,36271.800,0.000,0.300,0.300
demo-1781204303623-107,RR Lyrae,36070.800,36070.900,36071.200,0.100,0.300,0.400
demo-1781204303407-106,QSO,35854.600,35854.600,35854.800,0.000,0.200,0.200
demo-1781204303208-105,Mira,35656.000,35656.000,35656.300,0.000,0.300,0.300
demo-1781204303007-104,RR Lyrae,35454.800,35454.800,35455.000,0.000,0.200,0.200
demo-1781204302809-103,AGN,35256.600,35256.600,35256.800,0.000,0.200,0.200
demo-1781204302607-102,Mira,35055.100,35055.200,35055.600,0.100,0.400,0.500
demo-1781204302407-101,LPV,34854.800,34854.800,34855.000,0.000,0.200,0.200
demo-1781204302207-100,RR Lyrae,34655.000,34655.000,34655.200,0.000,0.200,0.200
demo-1781204302007-99,AGN,34454.600,34454.600,34454.700,0.000,0.100,0.100
demo-1781204301808-98,RR Lyrae,34256.000,34256.000,34256.200,0.000,0.200,0.200
demo-1781204301607-97,RR Lyrae,34055.200,34055.300,34055.600,0.100,0.300,0.400
demo-1781204301407-96,Unknown,33854.700,33854.700,33854.900,0.000,0.200,0.200
demo-1781204301207-95,Mira,33655.100,33655.200,33655.300,0.100,0.100,0.200
demo-1781204301007-94,RR Lyrae,33455.100,33455.100,33455.400,0.000,0.300,0.300
demo-1781204300808-93,AGN,33256.100,33256.100,33256.200,0.000,0.100,0.100
demo-1781204300607-92,RR Lyrae,33055.500,33055.500,33055.900,0.000,0.400,0.400
demo-1781204300407-91,LPV,32855.300,32855.400,32855.700,0.100,0.300,0.400
demo-1781204300208-90,Unknown,32655.900,32655.900,32656.100,0.000,0.200,0.200
demo-1781204300007-89,RR Lyrae,32454.600,32454.700,32454.800,0.100,0.100,0.200
demo-1781204299811-88,AGN,32259.300,32259.400,32259.600,0.100,0.200,0.300
demo-1781204299607-87,RR Lyrae,32055.400,32055.400,32055.800,0.000,0.400,0.400
demo-1781204299407-86,Unknown,31854.600,31854.600,31854.800,0.000,0.200,0.200
demo-1781204299224-85,Unknown,31671.600,31671.600,31671.800,0.000,0.200,0.200
demo-1781204299023-84,RR Lyrae,31471.100,31471.300,31471.400,0.200,0.100,0.300
demo-1781204298810-83,Mira,31257.500,31257.500,31257.700,0.000,0.200,0.200
demo-1781204298607-82,AGN,31054.800,31054.900,31055.000,0.100,0.100,0.200
demo-1781204298408-81,RR Lyrae,30855.900,30856.000,30856.300,0.100,0.300,0.400
demo-1781204298210-80,Unknown,30658.000,30658.000,30658.200,0.000,0.200,0.200
demo-1781204298007-79,QSO,30455.300,30455.300,30455.700,0.000,0.400,0.400
demo-1781204297811-78,Cepheid,30259.000,30259.100,30259.400,0.100,0.300,0.400
demo-1781204297623-77,AGN,30071.100,30071.200,30071.600,0.100,0.400,0.500
demo-1781204297408-76,Unknown,29855.600,29855.700,29856.100,0.100,0.400,0.500
demo-1781204297210-75,RR Lyrae,29658.000,29658.100,29658.400,0.100,0.300,0.400
demo-1781204297007-74,RR Lyrae,29455.200,29455.400,29455.600,0.200,0.200,0.400
demo-1781204296811-73,SN Ic,29258.900,29259.000,29259.300,0.100,0.300,0.400
demo-1781204296608-72,AGN,29055.600,29055.700,29056.000,0.100,0.300,0.400
demo-1781204296424-71,Mira,28872.400,28872.400,28872.700,0.000,0.300,0.300
demo-1781204296209-70,SN Ic,28657.200,28657.200,28657.400,0.000,0.200,0.200
demo-1781204296007-69,Mira,28455.100,28455.200,28455.500,0.100,0.300,0.400
demo-1781204295811-68,Mira,28259.300,28259.300,28259.600,0.000,0.300,0.300
demo-1781204295607-67,RR Lyrae,28055.400,28055.500,28055.800,0.100,0.300,0.400
demo-1781204295408-66,SN II,27855.600,27855.700,27856.100,0.100,0.400,0.500
demo-1781204295208-65,SN II,27655.800,27655.800,27655.900,0.000,0.100,0.100
demo-1781204295007-64,SN II,27455.300,27455.400,27455.600,0.100,0.200,0.300
demo-1781204294823-63,RR Lyrae,27270.900,27271.000,27271.200,0.100,0.200,0.300
demo-1781204294624-62,AGN,27072.300,27072.300,27072.700,0.000,0.400,0.400
demo-1781204294408-61,SN Ia,26855.600,26855.700,26856.100,0.100,0.400,0.500
demo-1781204294223-60,RR Lyrae,26670.800,26670.800,26671.000,0.000,0.200,0.200
demo-1781204294008-59,Unknown,26455.600,26455.600,26456.000,0.000,0.400,0.400
demo-1781204293810-58,Unknown,26258.200,26258.200,26258.500,0.000,0.300,0.300
demo-1781204293607-57,QSO,26055.200,26055.300,26055.700,0.100,0.400,0.500
demo-1781204293424-56,SN II,25872.000,25872.100,25872.500,0.100,0.400,0.500
demo-1781204293223-55,LPV,25671.500,25671.500,25671.600,0.000,0.100,0.100
demo-1781204293007-54,TDE,25455.400,25455.400,25455.700,0.000,0.300,0.300
demo-1781204292810-53,RR Lyrae,25257.900,25257.900,25258.300,0.000,0.400,0.400
demo-1781204292607-52,RR Lyrae,25055.400,25055.400,25055.800,0.000,0.400,0.400
demo-1781204292407-51,QSO,24855.500,24855.600,24855.900,0.100,0.300,0.400
demo-1781204292209-50,AGN,24657.100,24657.200,24657.500,0.100,0.300,0.400
demo-1781204292024-49,RR Lyrae,24472.000,24472.100,24472.300,0.100,0.200,0.300
demo-1781204291810-48,AGN,24257.500,24257.600,24257.900,0.100,0.300,0.400
demo-1781204291623-47,SN Ia,24071.100,24071.200,24071.600,0.100,0.400,0.500
demo-1781204291407-46,Mira,23855.500,23855.600,23856.000,0.100,0.400,0.500
demo-1781204291209-45,LPV,23657.500,23657.500,23657.800,0.000,0.300,0.300
demo-1781204291007-44,Mira,23455.400,23455.400,23455.800,0.000,0.400,0.400
demo-1781204290810-43,RR Lyrae,23257.600,23257.700,23258.000,0.100,0.300,0.400
demo-1781204290607-42,Cepheid,23055.400,23055.500,23055.900,0.100,0.400,0.500
demo-1781204290407-41,RR Lyrae,22855.400,22855.500,22855.800,0.100,0.300,0.400
demo-1781204290224-40,SN Ia,22671.800,22671.800,22672.000,0.000,0.200,0.200
demo-1781204290007-39,SN II,22455.100,22455.300,22455.500,0.200,0.200,0.400
demo-1781204289808-38,RR Lyrae,22255.500,22255.500,22255.700,0.000,0.200,0.200
demo-1781204289607-37,QSO,22055.000,22055.000,22055.200,0.000,0.200,0.200
demo-1781204289407-36,Unknown,21854.600,21854.600,21854.800,0.000,0.200,0.200
demo-1781204289209-35,RR Lyrae,21657.000,21657.200,21657.300,0.200,0.100,0.300
demo-1781204289007-34,RR Lyrae,21454.900,21454.900,21455.000,0.000,0.100,0.100
demo-1781204288808-33,RR Lyrae,21255.700,21255.700,21255.900,0.000,0.200,0.200
demo-1781204288608-32,QSO,21055.600,21055.700,21056.100,0.100,0.400,0.500
demo-1781204288407-31,RR Lyrae,20855.500,20855.600,20855.800,0.100,0.200,0.300
demo-1781204288210-30,QSO,20658.200,20658.300,20658.500,0.100,0.200,0.300
demo-1781204288007-29,Unknown,20455.300,20455.400,20455.800,0.100,0.400,0.500
demo-1781204287808-28,AGN,20255.900,20255.900,20256.100,0.000,0.200,0.200
demo-1781204287624-27,AGN,20072.000,20072.100,20072.300,0.100,0.200,0.300
demo-1781204287427-26,RR Lyrae,19875.100,19875.100,19875.400,0.000,0.300,0.300
demo-1781204287208-25,AGN,19656.300,19656.300,19656.600,0.000,0.300,0.300
demo-1781204287024-24,RR Lyrae,19472.200,19472.300,19472.500,0.100,0.200,0.300
demo-1781204286823-23,AGN,19271.100,19271.100,19271.500,0.000,0.400,0.400
demo-1781204286608-22,Mira,19055.600,19055.700,19055.900,0.100,0.200,0.300
demo-1781204286407-21,AGN,18855.500,18855.600,18856.100,0.100,0.500,0.600
demo-1781204286208-20,Mira,18656.400,18656.500,18656.700,0.100,0.200,0.300
demo-1781204286007-19,RR Lyrae,18454.800,18454.800,18454.900,0.000,0.100,0.100
demo-1781204285823-18,RR Lyrae,18270.600,18270.800,18270.900,0.200,0.100,0.300
demo-1781204285607-17,AGN,18055.300,18055.300,18055.700,0.000,0.400,0.400
demo-1781204285407-16,AGN,17854.700,17854.700,17854.800,0.000,0.100,0.100
demo-1781204285207-15,QSO,17655.300,17655.300,17655.500,0.000,0.200,0.200
demo-1781204285007-14,SN Ic,17455.300,17455.300,17455.600,0.000,0.300,0.300
demo-1781204284807-13,AGN,17254.900,17255.000,17255.200,0.100,0.200,0.300
demo-1781204284607-12,RR Lyrae,17054.600,17054.600,17054.800,0.000,0.200,0.200
demo-1781204284407-11,RR Lyrae,16854.600,16854.600,16854.900,0.000,0.300,0.300
demo-1781204284209-10,RR Lyrae,16657.300,16657.300,16657.600,0.000,0.300,0.300
demo-1781204284024-9,RR Lyrae,16472.100,16472.200,16472.600,0.100,0.400,0.500
demo-1781204283824-8,Cepheid,16272.500,16272.600,16272.900,0.100,0.300,0.400
demo-1781204283623-7,LPV,16071.100,16071.200,16071.500,0.100,0.300,0.400
demo-1781204283423-6,AGN,15871.100,15871.100,15871.400,0.000,0.300,0.300
demo-1781204283209-5,SN II,15656.500,15656.600,15657.700,0.100,1.100,1.200
demo-1781204283008-4,RR Lyrae,15455.600,15455.700,15456.100,0.100,0.400,0.500
demo-1781204282807-3,RR Lyrae,15255.200,15255.300,15255.500,0.100,0.200,0.300
demo-1781204282607-2,Mira,15054.800,15054.800,15055.500,0.000,0.700,0.700
demo-1781204282424-1,AGN,14871.900,14872.400,14885.200,0.500,12.800,13.300